"use strict";(self.webpackChunkdoris_website=self.webpackChunkdoris_website||[]).push([["284611"],{182966:function(n,e,s){s.r(e),s.d(e,{default:()=>p,frontMatter:()=>l,metadata:()=>a,assets:()=>d,toc:()=>r,contentTitle:()=>i});var a=JSON.parse('{"id":"sql-manual/sql-data-types/semi-structured/MAP","title":"MAP","description":"\u63CF\u8FF0","source":"@site/i18n/zh-CN/docusaurus-plugin-content-docs/version-2.0/sql-manual/sql-data-types/semi-structured/MAP.md","sourceDirName":"sql-manual/sql-data-types/semi-structured","slug":"/sql-manual/sql-data-types/semi-structured/MAP","permalink":"/zh-CN/docs/2.0/sql-manual/sql-data-types/semi-structured/MAP","draft":false,"unlisted":false,"tags":[],"version":"2.0","frontMatter":{"title":"MAP","language":"zh-CN"},"sidebar":"docs","previous":{"title":"ARRAY","permalink":"/zh-CN/docs/2.0/sql-manual/sql-data-types/semi-structured/ARRAY"},"next":{"title":"STRUCT","permalink":"/zh-CN/docs/2.0/sql-manual/sql-data-types/semi-structured/STRUCT"}}'),t=s("785893"),m=s("250065");let l={title:"MAP",language:"zh-CN"},i=void 0,d={},r=[{value:"\u63CF\u8FF0",id:"\u63CF\u8FF0",level:2},{value:"\u4E3E\u4F8B",id:"\u4E3E\u4F8B",level:2}];function c(n){let e={a:"a",code:"code",h2:"h2",p:"p",pre:"pre",...(0,m.a)(),...n.components};return(0,t.jsxs)(t.Fragment,{children:[(0,t.jsx)(e.h2,{id:"\u63CF\u8FF0",children:"\u63CF\u8FF0"}),"\n",(0,t.jsx)(e.p,{children:(0,t.jsx)(e.code,{children:"MAP<K, V>"})}),"\n",(0,t.jsx)(e.p,{children:"\u7531 K, V \u7C7B\u578B\u5143\u7D20\u7EC4\u6210\u7684 map\uFF0C\u4E0D\u80FD\u4F5C\u4E3A key \u5217\u4F7F\u7528\u3002\u76EE\u524D\u652F\u6301\u5728 Duplicate\uFF0CUnique \u6A21\u578B\u7684\u8868\u4E2D\u4F7F\u7528\u3002"}),"\n",(0,t.jsx)(e.p,{children:"K,V \u652F\u6301\u7684\u7C7B\u578B\u6709\uFF1A"}),"\n",(0,t.jsx)(e.pre,{children:(0,t.jsx)(e.code,{children:"BOOLEAN, TINYINT, SMALLINT, INT, BIGINT, LARGEINT, FLOAT, DOUBLE, DECIMAL, DECIMALV3, DATE,\nDATEV2, DATETIME, DATETIMEV2, CHAR, VARCHAR, STRING\n"})}),"\n",(0,t.jsx)(e.h2,{id:"\u4E3E\u4F8B",children:"\u4E3E\u4F8B"}),"\n",(0,t.jsx)(e.p,{children:"\u5EFA\u8868\u793A\u4F8B\u5982\u4E0B\uFF1A"}),"\n",(0,t.jsx)(e.pre,{children:(0,t.jsx)(e.code,{className:"language-sql",children:'CREATE TABLE IF NOT EXISTS test.simple_map (\n  `id` INT(11) NULL COMMENT "",\n  `m` Map<STRING, INT> NULL COMMENT ""\n) ENGINE=OLAP\nDUPLICATE KEY(`id`)\nDISTRIBUTED BY HASH(`id`) BUCKETS 1\nPROPERTIES (\n"replication_allocation" = "tag.location.default: 1",\n"storage_format" = "V2"\n);\n'})}),"\n",(0,t.jsx)(e.p,{children:"\u63D2\u5165\u6570\u636E\u793A\u4F8B\uFF1A"}),"\n",(0,t.jsx)(e.pre,{children:(0,t.jsx)(e.code,{className:"language-sql",children:"mysql> INSERT INTO simple_map VALUES(1, {'a': 100, 'b': 200});\n"})}),"\n",(0,t.jsxs)(e.p,{children:["stream_load \u793A\u4F8B\uFF1A\n\u66F4\u591A\u8BE6\u7EC6 stream_load \u7528\u6CD5\u89C1 ",(0,t.jsx)(e.a,{href:"../../../data-operate/import/stream-load-manual",children:"STREAM LOAD"})]}),"\n",(0,t.jsx)(e.pre,{children:(0,t.jsx)(e.code,{className:"language-shell",children:'# load the map data from json file\ncurl --location-trusted -uroot: -T events.json -H "format: json" -H "read_json_by_line: true" http://fe_host:8030/api/test/simple_map/_stream_load\n# \u8FD4\u56DE\u7ED3\u679C\n{\n    "TxnId": 106134,\n    "Label": "5666e573-9a97-4dfc-ae61-2d6b61fdffd2",\n    "Comment": "",\n    "TwoPhaseCommit": "false",\n    "Status": "Success",\n    "Message": "OK",\n    "NumberTotalRows": 10293125,\n    "NumberLoadedRows": 10293125,\n    "NumberFilteredRows": 0,\n    "NumberUnselectedRows": 0,\n    "LoadBytes": 2297411459,\n    "LoadTimeMs": 66870,\n    "BeginTxnTimeMs": 1,\n    "StreamLoadPutTimeMs": 80,\n    "ReadDataTimeMs": 6415,\n    "WriteDataTimeMs": 10550,\n    "CommitAndPublishTimeMs": 38\n}\n'})}),"\n",(0,t.jsx)(e.p,{children:"\u67E5\u8BE2\u6570\u636E\u793A\u4F8B\uFF1A"}),"\n",(0,t.jsx)(e.pre,{children:(0,t.jsx)(e.code,{className:"language-sql",children:"mysql> SELECT * FROM simple_map;\n+------+-----------------------------+\n| id   | m                           |\n+------+-----------------------------+\n|    1 | {'a':100, 'b':200}          |\n|    2 | {'b':100, 'c':200, 'd':300} |\n|    3 | {'a':10, 'd':200}           |\n+------+-----------------------------+\n"})}),"\n",(0,t.jsx)(e.p,{children:"\u67E5\u8BE2 map \u5217\u793A\u4F8B\uFF1A"}),"\n",(0,t.jsx)(e.pre,{children:(0,t.jsx)(e.code,{className:"language-sql",children:"mysql> SELECT m FROM simple_map;\n+-----------------------------+\n| m                           |\n+-----------------------------+\n| {'a':100, 'b':200}          |\n| {'b':100, 'c':200, 'd':300} |\n| {'a':10, 'd':200}           |\n+-----------------------------+\n"})}),"\n",(0,t.jsx)(e.p,{children:"map \u53D6\u503C\u793A\u4F8B\uFF1A"}),"\n",(0,t.jsx)(e.pre,{children:(0,t.jsx)(e.code,{className:"language-sql",children:"mysql> SELECT m['a'] FROM simple_map;\n+-----------------------------+\n| %element_extract%(`m`, 'a') |\n+-----------------------------+\n|                         100 |\n|                        NULL |\n|                          10 |\n+-----------------------------+\n"})}),"\n",(0,t.jsx)(e.p,{children:"map \u652F\u6301\u7684 functions \u793A\u4F8B\uFF1A"}),"\n",(0,t.jsx)(e.pre,{children:(0,t.jsx)(e.code,{className:"language-sql",children:"# map construct\n\nmysql> SELECT map('k11', 1000, 'k22', 2000)['k11'];\n+---------------------------------------------------------+\n| %element_extract%(map('k11', 1000, 'k22', 2000), 'k11') |\n+---------------------------------------------------------+\n|                                                    1000 |\n+---------------------------------------------------------+\n\nmysql> SELECT map('k11', 1000, 'k22', 2000)['nokey'];\n+-----------------------------------------------------------+\n| %element_extract%(map('k11', 1000, 'k22', 2000), 'nokey') |\n+-----------------------------------------------------------+\n|                                                      NULL |\n+-----------------------------------------------------------+\n1 row in set (0.06 sec)\n\n# map size\n\nmysql> SELECT map_size(map('k11', 1000, 'k22', 2000));\n+-----------------------------------------+\n| map_size(map('k11', 1000, 'k22', 2000)) |\n+-----------------------------------------+\n|                                       2 |\n+-----------------------------------------+\n\nmysql> SELECT id, m, map_size(m) FROM simple_map ORDER BY id;\n+------+-----------------------------+---------------+\n| id   | m                           | map_size(`m`) |\n+------+-----------------------------+---------------+\n|    1 | {\"a\":100, \"b\":200}          |             2 |\n|    2 | {\"b\":100, \"c\":200, \"d\":300} |             3 |\n|    2 | {\"a\":10, \"d\":200}           |             2 |\n+------+-----------------------------+---------------+\n3 rows in set (0.04 sec)\n\n# map_contains_key\n\nmysql> SELECT map_contains_key(map('k11', 1000, 'k22', 2000), 'k11');\n+--------------------------------------------------------+\n| map_contains_key(map('k11', 1000, 'k22', 2000), 'k11') |\n+--------------------------------------------------------+\n|                                                      1 |\n+--------------------------------------------------------+\n1 row in set (0.08 sec)\n\nmysql> SELECT id, m, map_contains_key(m, 'k1') FROM simple_map ORDER BY id;\n+------+-----------------------------+-----------------------------+\n| id   | m                           | map_contains_key(`m`, 'k1') |\n+------+-----------------------------+-----------------------------+\n|    1 | {\"a\":100, \"b\":200}          |                           0 |\n|    2 | {\"b\":100, \"c\":200, \"d\":300} |                           0 |\n|    2 | {\"a\":10, \"d\":200}           |                           0 |\n+------+-----------------------------+-----------------------------+\n3 rows in set (0.10 sec)\n\nmysql> SELECT id, m, map_contains_key(m, 'a') FROM simple_map ORDER BY id;\n+------+-----------------------------+----------------------------+\n| id   | m                           | map_contains_key(`m`, 'a') |\n+------+-----------------------------+----------------------------+\n|    1 | {\"a\":100, \"b\":200}          |                          1 |\n|    2 | {\"b\":100, \"c\":200, \"d\":300} |                          0 |\n|    2 | {\"a\":10, \"d\":200}           |                          1 |\n+------+-----------------------------+----------------------------+\n3 rows in set (0.17 sec)\n\n# map_contains_value\n\nmysql> SELECT map_contains_value(map('k11', 1000, 'k22', 2000), NULL);\n+---------------------------------------------------------+\n| map_contains_value(map('k11', 1000, 'k22', 2000), NULL) |\n+---------------------------------------------------------+\n|                                                       0 |\n+---------------------------------------------------------+\n1 row in set (0.04 sec)\n\nmysql> SELECT id, m, map_contains_value(m, '100') FROM simple_map ORDER BY id;\n+------+-----------------------------+------------------------------+\n| id   | m                           | map_contains_value(`m`, 100) |\n+------+-----------------------------+------------------------------+\n|    1 | {\"a\":100, \"b\":200}          |                            1 |\n|    2 | {\"b\":100, \"c\":200, \"d\":300} |                            1 |\n|    2 | {\"a\":10, \"d\":200}           |                            0 |\n+------+-----------------------------+------------------------------+\n3 rows in set (0.11 sec)\n\n# map_keys\n\nmysql> SELECT map_keys(map('k11', 1000, 'k22', 2000));\n+-----------------------------------------+\n| map_keys(map('k11', 1000, 'k22', 2000)) |\n+-----------------------------------------+\n| [\"k11\", \"k22\"]                          |\n+-----------------------------------------+\n1 row in set (0.04 sec)\n\nmysql> SELECT id, map_keys(m) FROM simple_map ORDER BY id;\n+------+-----------------+\n| id   | map_keys(`m`)   |\n+------+-----------------+\n|    1 | [\"a\", \"b\"]      |\n|    2 | [\"b\", \"c\", \"d\"] |\n|    2 | [\"a\", \"d\"]      |\n+------+-----------------+\n3 rows in set (0.19 sec)\n\n# map_values\n\nmysql> SELECT map_values(map('k11', 1000, 'k22', 2000));\n+-------------------------------------------+\n| map_values(map('k11', 1000, 'k22', 2000)) |\n+-------------------------------------------+\n| [1000, 2000]                              |\n+-------------------------------------------+\n1 row in set (0.03 sec)\n\nmysql> SELECT id, map_values(m) FROM simple_map ORDER BY id;\n+------+-----------------+\n| id   | map_values(`m`) |\n+------+-----------------+\n|    1 | [100, 200]      |\n|    2 | [100, 200, 300] |\n|    2 | [10, 200]       |\n+------+-----------------+\n3 rows in set (0.18 sec)\n\n"})})]})}function p(n={}){let{wrapper:e}={...(0,m.a)(),...n.components};return e?(0,t.jsx)(e,{...n,children:(0,t.jsx)(c,{...n})}):c(n)}},250065:function(n,e,s){s.d(e,{Z:function(){return i},a:function(){return l}});var a=s(667294);let t={},m=a.createContext(t);function l(n){let e=a.useContext(m);return a.useMemo(function(){return"function"==typeof n?n(e):{...e,...n}},[e,n])}function i(n){let e;return e=n.disableParentContext?"function"==typeof n.components?n.components(t):n.components||t:l(n.components),a.createElement(m.Provider,{value:e},n.children)}}}]);