"use strict";(self.webpackChunkdoris_website=self.webpackChunkdoris_website||[]).push([["127392"],{357271:function(r,a,n){n.r(a),n.d(a,{default:()=>_,frontMatter:()=>t,metadata:()=>e,assets:()=>l,toc:()=>i,contentTitle:()=>c});var e=JSON.parse('{"id":"sql-manual/sql-functions/array-functions/array-map","title":"ARRAY_MAP","description":"array_map","source":"@site/i18n/zh-CN/docusaurus-plugin-content-docs/version-2.0/sql-manual/sql-functions/array-functions/array-map.md","sourceDirName":"sql-manual/sql-functions/array-functions","slug":"/sql-manual/sql-functions/array-functions/array-map","permalink":"/zh-CN/docs/2.0/sql-manual/sql-functions/array-functions/array-map","draft":false,"unlisted":false,"tags":[],"version":"2.0","frontMatter":{"title":"ARRAY_MAP","language":"zh-CN"},"sidebar":"docs","previous":{"title":"ARRAY_MIN","permalink":"/zh-CN/docs/2.0/sql-manual/sql-functions/array-functions/array-min"},"next":{"title":"ARRAY_FILTER","permalink":"/zh-CN/docs/2.0/sql-manual/sql-functions/array-functions/array-filter"}}'),s=n("785893"),y=n("250065");let t={title:"ARRAY_MAP",language:"zh-CN"},c=void 0,l={},i=[{value:"array_map",id:"array_map",level:2},{value:"\u63CF\u8FF0",id:"\u63CF\u8FF0",level:2},{value:"\u8BED\u6CD5",id:"\u8BED\u6CD5",level:2},{value:"\u4E3E\u4F8B",id:"\u4E3E\u4F8B",level:2},{value:"keywords",id:"keywords",level:3}];function o(r){let a={code:"code",h2:"h2",h3:"h3",p:"p",pre:"pre",...(0,y.a)(),...r.components};return(0,s.jsxs)(s.Fragment,{children:[(0,s.jsx)(a.h2,{id:"array_map",children:"array_map"}),"\n",(0,s.jsx)(a.p,{children:"array_map(lambda,array1,array2....)"}),"\n",(0,s.jsx)(a.h2,{id:"\u63CF\u8FF0",children:"\u63CF\u8FF0"}),"\n",(0,s.jsx)(a.h2,{id:"\u8BED\u6CD5",children:"\u8BED\u6CD5"}),"\n",(0,s.jsx)(a.p,{children:(0,s.jsx)(a.code,{children:"ARRAY<T> array_map(lambda, ARRAY<T> array1, ARRAY<T> array2)"})}),"\n",(0,s.jsx)(a.p,{children:"\u4F7F\u7528\u4E00\u4E2A lambda \u8868\u8FBE\u5F0F\u4F5C\u4E3A\u8F93\u5165\u53C2\u6570\uFF0C\u5BF9\u5176\u4ED6\u7684\u8F93\u5165 ARRAY \u53C2\u6570\u7684\u5185\u90E8\u6570\u636E\u505A\u5BF9\u5E94\u8868\u8FBE\u5F0F\u8BA1\u7B97\u3002\n\u5728 lambda \u8868\u8FBE\u5F0F\u4E2D\u8F93\u5165\u7684\u53C2\u6570\u4E3A 1 \u4E2A\u6216\u591A\u4E2A\uFF0C\u5FC5\u987B\u548C\u540E\u9762\u7684\u8F93\u5165 array \u5217\u6570\u91CF\u4E00\u81F4\u3002\n\u5728 lambda \u4E2D\u53EF\u4EE5\u6267\u884C\u5408\u6CD5\u7684\u6807\u91CF\u51FD\u6570\uFF0C\u4E0D\u652F\u6301\u805A\u5408\u51FD\u6570\u7B49\u3002"}),"\n",(0,s.jsx)(a.pre,{children:(0,s.jsx)(a.code,{children:"array_map(x->x, array1);\narray_map(x->(x+2), array1);\narray_map(x->(abs(x)-2), array1);\n\narray_map((x,y)->(x = y), array1, array2);\narray_map((x,y)->(power(x,2)+y), array1, array2);\narray_map((x,y,z)->(abs(x)+y*z), array1, array2, array3);\n"})}),"\n",(0,s.jsx)(a.h2,{id:"\u4E3E\u4F8B",children:"\u4E3E\u4F8B"}),"\n",(0,s.jsx)(a.pre,{children:(0,s.jsx)(a.code,{className:"language-shell",children:"\nmysql [test]>select *, array_map(x->x,[1,2,3]) from array_test2 order by id;\n+------+-----------------+-------------------------+----------------------------------------+\n| id   | c_array1        | c_array2                | array_map([x] -> x(0), ARRAY(1, 2, 3)) |\n+------+-----------------+-------------------------+----------------------------------------+\n|    1 | [1, 2, 3, 4, 5] | [10, 20, -40, 80, -100] | [1, 2, 3]                              |\n|    2 | [6, 7, 8]       | [10, 12, 13]            | [1, 2, 3]                              |\n|    3 | [1]             | [-100]                  | [1, 2, 3]                              |\n|    4 | NULL            | NULL                    | [1, 2, 3]                              |\n+------+-----------------+-------------------------+----------------------------------------+\n4 rows in set (0.02 sec)\n\nmysql [test]>select *, array_map(x->x+2,[1,2,3]) from array_test2 order by id;\n+------+-----------------+-------------------------+--------------------------------------------+\n| id   | c_array1        | c_array2                | array_map([x] -> x(0) + 2, ARRAY(1, 2, 3)) |\n+------+-----------------+-------------------------+--------------------------------------------+\n|    1 | [1, 2, 3, 4, 5] | [10, 20, -40, 80, -100] | [3, 4, 5]                                  |\n|    2 | [6, 7, 8]       | [10, 12, 13]            | [3, 4, 5]                                  |\n|    3 | [1]             | [-100]                  | [3, 4, 5]                                  |\n|    4 | NULL            | NULL                    | [3, 4, 5]                                  |\n+------+-----------------+-------------------------+--------------------------------------------+\n4 rows in set (0.02 sec)\n\nmysql [test]>select c_array1, c_array2, array_map(x->x,[1,2,3]) from array_test2 order by id;\n+-----------------+-------------------------+----------------------------------------+\n| c_array1        | c_array2                | array_map([x] -> x(0), ARRAY(1, 2, 3)) |\n+-----------------+-------------------------+----------------------------------------+\n| [1, 2, 3, 4, 5] | [10, 20, -40, 80, -100] | [1, 2, 3]                              |\n| [6, 7, 8]       | [10, 12, 13]            | [1, 2, 3]                              |\n| [1]             | [-100]                  | [1, 2, 3]                              |\n| NULL            | NULL                    | [1, 2, 3]                              |\n+-----------------+-------------------------+----------------------------------------+\n4 rows in set (0.01 sec)\n\nmysql [test]>select c_array1, c_array2, array_map(x->power(x,2),[1,2,3]) from array_test2 order by id;\n+-----------------+-------------------------+----------------------------------------------------+\n| c_array1        | c_array2                | array_map([x] -> power(x(0), 2.0), ARRAY(1, 2, 3)) |\n+-----------------+-------------------------+----------------------------------------------------+\n| [1, 2, 3, 4, 5] | [10, 20, -40, 80, -100] | [1, 4, 9]                                          |\n| [6, 7, 8]       | [10, 12, 13]            | [1, 4, 9]                                          |\n| [1]             | [-100]                  | [1, 4, 9]                                          |\n| NULL            | NULL                    | [1, 4, 9]                                          |\n+-----------------+-------------------------+----------------------------------------------------+\n\nmysql [test]>select c_array1, c_array2, array_map((x,y)->x+y,c_array1,c_array2) from array_test2 order by id;\n+-----------------+-------------------------+----------------------------------------------------------+\n| c_array1        | c_array2                | array_map([x, y] -> x(0) + y(1), `c_array1`, `c_array2`) |\n+-----------------+-------------------------+----------------------------------------------------------+\n| [1, 2, 3, 4, 5] | [10, 20, -40, 80, -100] | [11, 22, -37, 84, -95]                                   |\n| [6, 7, 8]       | [10, 12, 13]            | [16, 19, 21]                                             |\n| [1]             | [-100]                  | [-99]                                                    |\n| NULL            | NULL                    | NULL                                                     |\n+-----------------+-------------------------+----------------------------------------------------------+\n4 rows in set (0.02 sec)\n\nmysql [test]>select c_array1, c_array2, array_map((x,y)->power(x,2)+y,c_array1, c_array2) from array_test2 order by id;\n+-----------------+-------------------------+----------------------------------------------------------------------+\n| c_array1        | c_array2                | array_map([x, y] -> power(x(0), 2.0) + y(1), `c_array1`, `c_array2`) |\n+-----------------+-------------------------+----------------------------------------------------------------------+\n| [1, 2, 3, 4, 5] | [10, 20, -40, 80, -100] | [11, 24, -31, 96, -75]                                               |\n| [6, 7, 8]       | [10, 12, 13]            | [46, 61, 77]                                                         |\n| [1]             | [-100]                  | [-99]                                                                |\n| NULL            | NULL                    | NULL                                                                 |\n+-----------------+-------------------------+----------------------------------------------------------------------+\n4 rows in set (0.03 sec)\n\nmysql [test]>select *,array_map(x->x=3,c_array1) from array_test2 order by id;\n+------+-----------------+-------------------------+----------------------------------------+\n| id   | c_array1        | c_array2                | array_map([x] -> x(0) = 3, `c_array1`) |\n+------+-----------------+-------------------------+----------------------------------------+\n|    1 | [1, 2, 3, 4, 5] | [10, 20, -40, 80, -100] | [0, 0, 1, 0, 0]                        |\n|    2 | [6, 7, 8]       | [10, 12, 13]            | [0, 0, 0]                              |\n|    3 | [1]             | [-100]                  | [0]                                    |\n|    4 | NULL            | NULL                    | NULL                                   |\n+------+-----------------+-------------------------+----------------------------------------+\n4 rows in set (0.02 sec)\n\nmysql [test]>select *,array_map(x->x>3,c_array1) from array_test2 order by id;\n+------+-----------------+-------------------------+----------------------------------------+\n| id   | c_array1        | c_array2                | array_map([x] -> x(0) > 3, `c_array1`) |\n+------+-----------------+-------------------------+----------------------------------------+\n|    1 | [1, 2, 3, 4, 5] | [10, 20, -40, 80, -100] | [0, 0, 0, 1, 1]                        |\n|    2 | [6, 7, 8]       | [10, 12, 13]            | [1, 1, 1]                              |\n|    3 | [1]             | [-100]                  | [0]                                    |\n|    4 | NULL            | NULL                    | NULL                                   |\n+------+-----------------+-------------------------+----------------------------------------+\n4 rows in set (0.02 sec)\n\nmysql [test]>select *,array_map((x,y)->x>y,c_array1,c_array2) from array_test2 order by id;\n+------+-----------------+-------------------------+----------------------------------------------------------+\n| id   | c_array1        | c_array2                | array_map([x, y] -> x(0) > y(1), `c_array1`, `c_array2`) |\n+------+-----------------+-------------------------+----------------------------------------------------------+\n|    1 | [1, 2, 3, 4, 5] | [10, 20, -40, 80, -100] | [0, 0, 1, 0, 1]                                          |\n|    2 | [6, 7, 8]       | [10, 12, 13]            | [0, 0, 0]                                                |\n|    3 | [1]             | [-100]                  | [1]                                                      |\n|    4 | NULL            | NULL                    | NULL                                                     |\n+------+-----------------+-------------------------+----------------------------------------------------------+\n4 rows in set (0.02 sec)\n\nmysql [test]>select array_map(x->cast(x as string), c_array1) from test_array_map_function;\n+-----------------+-------------------------------------------------------+\n| c_array1        | array_map([x] -> CAST(x(0) AS CHARACTER), `c_array1`) |\n+-----------------+-------------------------------------------------------+\n| [1, 2, 3, 4, 5] | ['1', '2', '3', '4', '5']                             |\n| [6, 7, 8]       | ['6', '7', '8']                                       |\n| []              | []                                                    |\n| NULL            | NULL                                                  |\n+-----------------+-------------------------------------------------------+\n4 rows in set (0.01 sec)\n\n"})}),"\n",(0,s.jsx)(a.h3,{id:"keywords",children:"keywords"}),"\n",(0,s.jsx)(a.p,{children:"ARRAY,MAP,ARRAY_MAP"})]})}function _(r={}){let{wrapper:a}={...(0,y.a)(),...r.components};return a?(0,s.jsx)(a,{...r,children:(0,s.jsx)(o,{...r})}):o(r)}},250065:function(r,a,n){n.d(a,{Z:function(){return c},a:function(){return t}});var e=n(667294);let s={},y=e.createContext(s);function t(r){let a=e.useContext(y);return e.useMemo(function(){return"function"==typeof r?r(a):{...a,...r}},[a,r])}function c(r){let a;return a=r.disableParentContext?"function"==typeof r.components?r.components(s):r.components||s:t(r.components),e.createElement(y.Provider,{value:a},r.children)}}}]);