"use strict";(self.webpackChunkdoris_website=self.webpackChunkdoris_website||[]).push([["996963"],{781344:function(n,e,s){s.r(e),s.d(e,{default:()=>N,frontMatter:()=>a,metadata:()=>L,assets:()=>i,toc:()=>c,contentTitle:()=>r});var L=JSON.parse('{"id":"sql-manual/sql-data-types/semi-structured/JSON","title":"JSON","description":"JSON \u6570\u636E\u7C7B\u578B\uFF0C\u7528\u4E8C\u8FDB\u5236\u683C\u5F0F\u9AD8\u6548\u5B58\u50A8 JSON \u6570\u636E\uFF0C\u901A\u8FC7 JSON \u51FD\u6570\u8BBF\u95EE\u5176\u5185\u90E8\u5B57\u6BB5\u3002","source":"@site/i18n/zh-CN/docusaurus-plugin-content-docs/version-2.0/sql-manual/sql-data-types/semi-structured/JSON.md","sourceDirName":"sql-manual/sql-data-types/semi-structured","slug":"/sql-manual/sql-data-types/semi-structured/JSON","permalink":"/zh-CN/docs/2.0/sql-manual/sql-data-types/semi-structured/JSON","draft":false,"unlisted":false,"tags":[],"version":"2.0","frontMatter":{"title":"JSON","language":"zh-CN"},"sidebar":"docs","previous":{"title":"STRUCT","permalink":"/zh-CN/docs/2.0/sql-manual/sql-data-types/semi-structured/STRUCT"},"next":{"title":"HLL(HyperLogLog)","permalink":"/zh-CN/docs/2.0/sql-manual/sql-data-types/aggregate/HLL"}}'),l=s("785893"),t=s("250065");let a={title:"JSON",language:"zh-CN"},r=void 0,i={},c=[{value:"\u8BED\u6CD5",id:"\u8BED\u6CD5",level:3},{value:"\u4F7F\u7528\u793A\u4F8B",id:"\u4F7F\u7528\u793A\u4F8B",level:3},{value:"\u521B\u5EFA\u5E93\u8868",id:"\u521B\u5EFA\u5E93\u8868",level:4},{value:"\u5BFC\u5165\u6570\u636E",id:"\u5BFC\u5165\u6570\u636E",level:4},{value:"stream load \u5BFC\u5165 test_json.csv \u6D4B\u8BD5\u6570\u636E",id:"stream-load-\u5BFC\u5165-test_jsoncsv-\u6D4B\u8BD5\u6570\u636E",level:5},{value:"insert into \u63D2\u5165\u6570\u636E",id:"insert-into-\u63D2\u5165\u6570\u636E",level:5},{value:"\u67E5\u8BE2",id:"\u67E5\u8BE2",level:4},{value:"\u7528 json_extract \u53D6 json \u5185\u7684\u67D0\u4E2A\u5B57\u6BB5",id:"\u7528-json_extract-\u53D6-json-\u5185\u7684\u67D0\u4E2A\u5B57\u6BB5",level:5},{value:"\u7528 json_exists_path \u68C0\u67E5 json \u5185\u7684\u67D0\u4E2A\u5B57\u6BB5\u662F\u5426\u5B58\u5728",id:"\u7528-json_exists_path-\u68C0\u67E5-json-\u5185\u7684\u67D0\u4E2A\u5B57\u6BB5\u662F\u5426\u5B58\u5728",level:5},{value:"\u7528 json_type \u83B7\u53D6 JSON \u5185\u7684\u67D0\u4E2A\u5B57\u6BB5\u7684\u7C7B\u578B",id:"\u7528-json_type-\u83B7\u53D6-json-\u5185\u7684\u67D0\u4E2A\u5B57\u6BB5\u7684\u7C7B\u578B",level:5},{value:"FAQ",id:"faq",level:3}];function d(n){let e={a:"a",admonition:"admonition",code:"code",h3:"h3",h4:"h4",h5:"h5",li:"li",ol:"ol",p:"p",pre:"pre",strong:"strong",ul:"ul",...(0,t.a)(),...n.components};return(0,l.jsxs)(l.Fragment,{children:[(0,l.jsxs)(e.p,{children:["JSON \u6570\u636E\u7C7B\u578B\uFF0C\u7528\u4E8C\u8FDB\u5236\u683C\u5F0F\u9AD8\u6548\u5B58\u50A8 ",(0,l.jsx)(e.a,{href:"https://www.rfc-editor.org/rfc/rfc8785",children:"JSON"})," \u6570\u636E\uFF0C\u901A\u8FC7 JSON \u51FD\u6570\u8BBF\u95EE\u5176\u5185\u90E8\u5B57\u6BB5\u3002"]}),"\n",(0,l.jsxs)(e.p,{children:["\u9ED8\u8BA4\u652F\u6301 1048576 \u5B57\u8282\uFF081 MB\uFF09\uFF0C\u53EF\u8C03\u5927\u5230 2147483643 \u5B57\u8282\uFF082 GB\uFF09\uFF0C\u53EF\u901A\u8FC7 BE \u914D\u7F6E",(0,l.jsx)(e.code,{children:"string_type_length_soft_limit_bytes"})," \u8C03\u6574\u3002"]}),"\n",(0,l.jsx)(e.pre,{children:(0,l.jsx)(e.code,{children:"\u4E0E\u666E\u901A String \u7C7B\u578B\u5B58\u50A8\u7684 JSON \u5B57\u7B26\u4E32\u76F8\u6BD4\uFF0CJSON \u7C7B\u578B\u6709\u4E24\u70B9\u4F18\u52BF\n1. \u6570\u636E\u5199\u5165\u65F6\u8FDB\u884C JSON \u683C\u5F0F\u6821\u9A8C\n2. \u4E8C\u8FDB\u5236\u5B58\u50A8\u683C\u5F0F\u66F4\u52A0\u9AD8\u6548\uFF0C\u901A\u8FC7json_extract\u7B49\u51FD\u6570\u53EF\u4EE5\u9AD8\u6548\u8BBF\u95EEJSON\u5185\u90E8\u5B57\u6BB5\uFF0C\u6BD4get_json_xx\u51FD\u6570\u5FEB\u51E0\u500D\n\n:::caution[\u6CE8\u610F]\n\u57281.2.x\u7248\u672C\u4E2D\uFF0CJSON \u7C7B\u578B\u7684\u540D\u5B57\u662F JSONB\uFF0C\u4E3A\u4E86\u5C3D\u91CF\u8DDF MySQL \u517C\u5BB9\uFF0C\u4ECE 2.0.0 \u7248\u672C\u5F00\u59CB\u6539\u540D\u4E3A JSON\uFF0C\u8001\u7684\u8868\u4ECD\u7136\u53EF\u4EE5\u4F7F\u7528\u3002\n:::\n"})}),"\n",(0,l.jsx)(e.h3,{id:"\u8BED\u6CD5",children:"\u8BED\u6CD5"}),"\n",(0,l.jsx)(e.p,{children:(0,l.jsx)(e.strong,{children:"\u5B9A\u4E49"})}),"\n",(0,l.jsx)(e.pre,{children:(0,l.jsx)(e.code,{className:"language-sql",children:"json_column_name JSON\n"})}),"\n",(0,l.jsx)(e.p,{children:(0,l.jsx)(e.strong,{children:"\u5199\u5165"})}),"\n",(0,l.jsxs)(e.ul,{children:["\n",(0,l.jsx)(e.li,{children:"INSERT INTO VALUE \u683C\u5F0F\u662F\u5F15\u53F7\u5305\u56F4\u7684\u5B57\u7B26\u4E32\u3002\u4F8B\u5982\uFF1A"}),"\n"]}),"\n",(0,l.jsx)(e.pre,{children:(0,l.jsx)(e.code,{className:"language-sql",children:'INSERT INTO table_name(id, json_column_name) VALUES (1, \'{"k1": "100"}\')\n'})}),"\n",(0,l.jsxs)(e.ul,{children:["\n",(0,l.jsx)(e.li,{children:"STREAM LOAD \u5BF9\u5E94\u5217\u7684\u683C\u5F0F\u662F\u5B57\u7B26\u4E32\uFF0C\u4E0D\u9700\u8981\u989D\u5916\u5F15\u53F7\u5305\u56F4\u3002\u4F8B\u5982\uFF1A"}),"\n"]}),"\n",(0,l.jsx)(e.pre,{children:(0,l.jsx)(e.code,{children:'12	{"k1":"v31", "k2": 300}\n13	[]\n14	[123, 456]\n'})}),"\n",(0,l.jsx)(e.p,{children:(0,l.jsx)(e.strong,{children:"\u67E5\u8BE2"})}),"\n",(0,l.jsxs)(e.ul,{children:["\n",(0,l.jsx)(e.li,{children:"\u76F4\u63A5\u5C06\u6574\u4E2A JSON \u5217 SELECT \u51FA\u6765"}),"\n"]}),"\n",(0,l.jsx)(e.pre,{children:(0,l.jsx)(e.code,{className:"language-sql",children:"SELECT json_column_name FROM table_name;\n"})}),"\n",(0,l.jsxs)(e.ul,{children:["\n",(0,l.jsx)(e.li,{children:"\u4ECE JSON \u4E2D\u63D0\u53D6\u9700\u8981\u7684\u5B57\u6BB5\uFF0C\u6216\u8005\u5176\u4ED6\u4FE1\u606F\uFF0C\u53C2\u8003 JSON \u51FD\u6570\uFF0C\u4F8B\u5982\uFF1A"}),"\n"]}),"\n",(0,l.jsx)(e.pre,{children:(0,l.jsx)(e.code,{className:"language-sql",children:"SELECT json_extract(json_column_name, '$.k1') FROM table_name;\n"})}),"\n",(0,l.jsxs)(e.ul,{children:["\n",(0,l.jsx)(e.li,{children:"JSON \u7C7B\u578B\u53EF\u4EE5\u4E0E\u6574\u6570\u3001\u5B57\u7B26\u4E32\u3001BOOLEAN\u3001ARRAY\u3001MAP \u8FDB\u884C\u7C7B\u578B\u8F6C\u6362 CAST\uFF0C\u4F8B\u5982\uFF1A"}),"\n"]}),"\n",(0,l.jsx)(e.pre,{children:(0,l.jsx)(e.code,{className:"language-sql",children:"SELECT CAST('{\"k1\": \"100\"}' AS JSON)\nSELECT CAST(json_column_name AS String) FROM table_name;\nSELECT CAST(json_extract(json_column_name, '$.k1') AS INT) FROM table_name;\n"})}),"\n",(0,l.jsx)(e.admonition,{type:"tip",children:(0,l.jsx)(e.p,{children:"JSON \u7C7B\u578B\u6682\u65F6\u4E0D\u80FD\u7528\u4E8E GROUP BY\uFF0CORDER BY\uFF0C\u6BD4\u8F83\u5927\u5C0F"})}),"\n",(0,l.jsx)(e.h3,{id:"\u4F7F\u7528\u793A\u4F8B",children:"\u4F7F\u7528\u793A\u4F8B"}),"\n",(0,l.jsx)(e.pre,{children:(0,l.jsx)(e.code,{children:"\u7528\u4E00\u4E2A\u4ECE\u5EFA\u8868\u3001\u5BFC\u6570\u636E\u3001\u67E5\u8BE2\u5168\u5468\u671F\u7684\u4F8B\u5B50\u8BF4\u660EJSON\u6570\u636E\u7C7B\u578B\u7684\u529F\u80FD\u548C\u7528\u6CD5\u3002\n"})}),"\n",(0,l.jsx)(e.h4,{id:"\u521B\u5EFA\u5E93\u8868",children:"\u521B\u5EFA\u5E93\u8868"}),"\n",(0,l.jsx)(e.pre,{children:(0,l.jsx)(e.code,{children:'CREATE DATABASE testdb;\n\nUSE testdb;\n\nCREATE TABLE test_json (\n  id INT,\n  j JSON\n)\nDUPLICATE KEY(id)\nDISTRIBUTED BY HASH(id) BUCKETS 10\nPROPERTIES("replication_num" = "1");\n'})}),"\n",(0,l.jsx)(e.h4,{id:"\u5BFC\u5165\u6570\u636E",children:"\u5BFC\u5165\u6570\u636E"}),"\n",(0,l.jsx)(e.h5,{id:"stream-load-\u5BFC\u5165-test_jsoncsv-\u6D4B\u8BD5\u6570\u636E",children:"stream load \u5BFC\u5165 test_json.csv \u6D4B\u8BD5\u6570\u636E"}),"\n",(0,l.jsxs)(e.ul,{children:["\n",(0,l.jsx)(e.li,{children:"\u6D4B\u8BD5\u6570\u636E\u6709 2 \u5217\uFF0C\u7B2C\u4E00\u5217 ID\uFF0C\u7B2C\u4E8C\u5217\u662F JSON"}),"\n",(0,l.jsx)(e.li,{children:"\u6D4B\u8BD5\u6570\u636E\u6709 25 \u884C\uFF0C\u5176\u4E2D\u524D 18 \u884C\u7684 JSON \u662F\u5408\u6CD5\u7684\uFF0C\u540E 7 \u884C\u7684 JSON \u662F\u975E\u6CD5\u7684"}),"\n"]}),"\n",(0,l.jsx)(e.pre,{children:(0,l.jsx)(e.code,{children:'1	\\N\n2	null\n3	true\n4	false\n5	100\n6	10000\n7	1000000000\n8	1152921504606846976\n9	6.18\n10	"abcd"\n11	{}\n12	{"k1":"v31", "k2": 300}\n13	[]\n14	[123, 456]\n15	["abc", "def"]\n16	[null, true, false, 100, 6.18, "abc"]\n17	[{"k1":"v41", "k2": 400}, 1, "a", 3.14]\n18	{"k1":"v31", "k2": 300, "a1": [{"k1":"v41", "k2": 400}, 1, "a", 3.14]}\n19	\'\'\n20	\'abc\'\n21	abc\n22	100x\n23	6.a8\n24	{x\n25	[123, abc]\n'})}),"\n",(0,l.jsxs)(e.ul,{children:["\n",(0,l.jsx)(e.li,{children:'\u7531\u4E8E\u6709 28% \u7684\u975E\u6CD5\u6570\u636E\uFF0C\u9ED8\u8BA4\u4F1A\u5931\u8D25\u62A5\u9519 "too many filtered rows"'}),"\n"]}),"\n",(0,l.jsx)(e.pre,{children:(0,l.jsx)(e.code,{children:'curl --location-trusted -u root: -T test_json.csv http://127.0.0.1:8840/api/testdb/test_json/_stream_load\n{\n    "TxnId": 12019,\n    "Label": "744d9821-9c9f-43dc-bf3b-7ab048f14e32",\n    "TwoPhaseCommit": "false",\n    "Status": "Fail",\n    "Message": "too many filtered rows",\n    "NumberTotalRows": 25,\n    "NumberLoadedRows": 18,\n    "NumberFilteredRows": 7,\n    "NumberUnselectedRows": 0,\n    "LoadBytes": 380,\n    "LoadTimeMs": 48,\n    "BeginTxnTimeMs": 0,\n    "StreamLoadPutTimeMs": 1,\n    "ReadDataTimeMs": 0,\n    "WriteDataTimeMs": 45,\n    "CommitAndPublishTimeMs": 0,\n    "ErrorURL": "http://172.21.0.5:8840/api/_load_error_log?file=__shard_2/error_log_insert_stmt_95435c4bf5f156df-426735082a9296af_95435c4bf5f156df_426735082a9296af"\n}\n'})}),"\n",(0,l.jsxs)(e.ul,{children:["\n",(0,l.jsx)(e.li,{children:"\u8BBE\u7F6E\u5BB9\u9519\u7387\u53C2\u6570 'max_filter_ratio: 0.3'"}),"\n"]}),"\n",(0,l.jsx)(e.pre,{children:(0,l.jsx)(e.code,{children:'curl --location-trusted -u root: -H \'max_filter_ratio: 0.3\' -T test_json.csv http://127.0.0.1:8840/api/testdb/test_json/_stream_load\n{\n    "TxnId": 12017,\n    "Label": "f37a50c1-43e9-4f4e-a159-a3db6abe2579",\n    "TwoPhaseCommit": "false",\n    "Status": "Success",\n    "Message": "OK",\n    "NumberTotalRows": 25,\n    "NumberLoadedRows": 18,\n    "NumberFilteredRows": 7,\n    "NumberUnselectedRows": 0,\n    "LoadBytes": 380,\n    "LoadTimeMs": 68,\n    "BeginTxnTimeMs": 0,\n    "StreamLoadPutTimeMs": 2,\n    "ReadDataTimeMs": 0,\n    "WriteDataTimeMs": 45,\n    "CommitAndPublishTimeMs": 19,\n    "ErrorURL": "http://172.21.0.5:8840/api/_load_error_log?file=__shard_0/error_log_insert_stmt_a1463f98a7b15caf-c79399b920f5bfa3_a1463f98a7b15caf_c79399b920f5bfa3"\n}\n'})}),"\n",(0,l.jsxs)(e.ul,{children:["\n",(0,l.jsx)(e.li,{children:"\u67E5\u770B stream load \u5BFC\u5165\u7684\u6570\u636E\uFF0CJSON \u7C7B\u578B\u7684\u5217 j \u4F1A\u81EA\u52A8\u8F6C\u6210 JSON String \u5C55\u793A"}),"\n"]}),"\n",(0,l.jsx)(e.pre,{children:(0,l.jsx)(e.code,{children:'mysql> SELECT * FROM test_json ORDER BY id;\n+------+---------------------------------------------------------------+\n| id   | j                                                             |\n+------+---------------------------------------------------------------+\n|    1 |                                                          NULL |\n|    2 |                                                          null |\n|    3 |                                                          true |\n|    4 |                                                         false |\n|    5 |                                                           100 |\n|    6 |                                                         10000 |\n|    7 |                                                    1000000000 |\n|    8 |                                           1152921504606846976 |\n|    9 |                                                          6.18 |\n|   10 |                                                        "abcd" |\n|   11 |                                                            {} |\n|   12 |                                         {"k1":"v31","k2":300} |\n|   13 |                                                            [] |\n|   14 |                                                     [123,456] |\n|   15 |                                                 ["abc","def"] |\n|   16 |                              [null,true,false,100,6.18,"abc"] |\n|   17 |                            [{"k1":"v41","k2":400},1,"a",3.14] |\n|   18 | {"k1":"v31","k2":300,"a1":[{"k1":"v41","k2":400},1,"a",3.14]} |\n+------+---------------------------------------------------------------+\n18 rows in set (0.03 sec)\n\n'})}),"\n",(0,l.jsx)(e.h5,{id:"insert-into-\u63D2\u5165\u6570\u636E",children:"insert into \u63D2\u5165\u6570\u636E"}),"\n",(0,l.jsxs)(e.ul,{children:["\n",(0,l.jsx)(e.li,{children:"insert 1 \u6761\u6570\u636E\uFF0C\u603B\u6570\u636E\u4ECE 18 \u6761\u589E\u52A0\u5230 19 \u6761"}),"\n"]}),"\n",(0,l.jsx)(e.pre,{children:(0,l.jsx)(e.code,{children:'mysql> INSERT INTO test_json VALUES(26, \'{"k1":"v1", "k2": 200}\');\nQuery OK, 1 row affected (0.09 sec)\n{\'label\':\'insert_4ece6769d1b42fd_ac9f25b3b8f3dc02\', \'status\':\'VISIBLE\', \'txnId\':\'12016\'}\n\nmysql> SELECT * FROM test_json ORDER BY id;\n+------+---------------------------------------------------------------+\n| id   | j                                                             |\n+------+---------------------------------------------------------------+\n|    1 |                                                          NULL |\n|    2 |                                                          null |\n|    3 |                                                          true |\n|    4 |                                                         false |\n|    5 |                                                           100 |\n|    6 |                                                         10000 |\n|    7 |                                                    1000000000 |\n|    8 |                                           1152921504606846976 |\n|    9 |                                                          6.18 |\n|   10 |                                                        "abcd" |\n|   11 |                                                            {} |\n|   12 |                                         {"k1":"v31","k2":300} |\n|   13 |                                                            [] |\n|   14 |                                                     [123,456] |\n|   15 |                                                 ["abc","def"] |\n|   16 |                              [null,true,false,100,6.18,"abc"] |\n|   17 |                            [{"k1":"v41","k2":400},1,"a",3.14] |\n|   18 | {"k1":"v31","k2":300,"a1":[{"k1":"v41","k2":400},1,"a",3.14]} |\n|   26 |                                          {"k1":"v1","k2":200} |\n+------+---------------------------------------------------------------+\n19 rows in set (0.03 sec)\n\n'})}),"\n",(0,l.jsx)(e.h4,{id:"\u67E5\u8BE2",children:"\u67E5\u8BE2"}),"\n",(0,l.jsx)(e.h5,{id:"\u7528-json_extract-\u53D6-json-\u5185\u7684\u67D0\u4E2A\u5B57\u6BB5",children:"\u7528 json_extract \u53D6 json \u5185\u7684\u67D0\u4E2A\u5B57\u6BB5"}),"\n",(0,l.jsxs)(e.ol,{children:["\n",(0,l.jsx)(e.li,{children:"\u83B7\u53D6\u6574\u4E2A json\uFF0C$ \u5728 json path \u4E2D\u4EE3\u8868 root\uFF0C\u5373\u6574\u4E2A json"}),"\n"]}),"\n",(0,l.jsx)(e.pre,{children:(0,l.jsx)(e.code,{children:'+------+---------------------------------------------------------------+---------------------------------------------------------------+\n| id   | j                                                             | json_extract(`j`, \'$\')                                       |\n+------+---------------------------------------------------------------+---------------------------------------------------------------+\n|    1 |                                                          NULL |                                                          NULL |\n|    2 |                                                          null |                                                          null |\n|    3 |                                                          true |                                                          true |\n|    4 |                                                         false |                                                         false |\n|    5 |                                                           100 |                                                           100 |\n|    6 |                                                         10000 |                                                         10000 |\n|    7 |                                                    1000000000 |                                                    1000000000 |\n|    8 |                                           1152921504606846976 |                                           1152921504606846976 |\n|    9 |                                                          6.18 |                                                          6.18 |\n|   10 |                                                        "abcd" |                                                        "abcd" |\n|   11 |                                                            {} |                                                            {} |\n|   12 |                                         {"k1":"v31","k2":300} |                                         {"k1":"v31","k2":300} |\n|   13 |                                                            [] |                                                            [] |\n|   14 |                                                     [123,456] |                                                     [123,456] |\n|   15 |                                                 ["abc","def"] |                                                 ["abc","def"] |\n|   16 |                              [null,true,false,100,6.18,"abc"] |                              [null,true,false,100,6.18,"abc"] |\n|   17 |                            [{"k1":"v41","k2":400},1,"a",3.14] |                            [{"k1":"v41","k2":400},1,"a",3.14] |\n|   18 | {"k1":"v31","k2":300,"a1":[{"k1":"v41","k2":400},1,"a",3.14]} | {"k1":"v31","k2":300,"a1":[{"k1":"v41","k2":400},1,"a",3.14]} |\n|   26 |                                          {"k1":"v1","k2":200} |                                          {"k1":"v1","k2":200} |\n+------+---------------------------------------------------------------+---------------------------------------------------------------+\n19 rows in set (0.03 sec)\n'})}),"\n",(0,l.jsxs)(e.ol,{children:["\n",(0,l.jsx)(e.li,{children:"\u83B7\u53D6 k1 \u5B57\u6BB5\uFF0C\u6CA1\u6709 k1 \u5B57\u6BB5\u7684\u884C\u8FD4\u56DE NULL"}),"\n"]}),"\n",(0,l.jsx)(e.pre,{children:(0,l.jsx)(e.code,{children:'mysql> SELECT id, j, json_extract(j, \'$.k1\') FROM test_json ORDER BY id;\n+------+---------------------------------------------------------------+----------------------------+\n| id   | j                                                             | json_extract(`j`, \'$.k1\') |\n+------+---------------------------------------------------------------+----------------------------+\n|    1 |                                                          NULL |                       NULL |\n|    2 |                                                          null |                       NULL |\n|    3 |                                                          true |                       NULL |\n|    4 |                                                         false |                       NULL |\n|    5 |                                                           100 |                       NULL |\n|    6 |                                                         10000 |                       NULL |\n|    7 |                                                    1000000000 |                       NULL |\n|    8 |                                           1152921504606846976 |                       NULL |\n|    9 |                                                          6.18 |                       NULL |\n|   10 |                                                        "abcd" |                       NULL |\n|   11 |                                                            {} |                       NULL |\n|   12 |                                         {"k1":"v31","k2":300} |                      "v31" |\n|   13 |                                                            [] |                       NULL |\n|   14 |                                                     [123,456] |                       NULL |\n|   15 |                                                 ["abc","def"] |                       NULL |\n|   16 |                              [null,true,false,100,6.18,"abc"] |                       NULL |\n|   17 |                            [{"k1":"v41","k2":400},1,"a",3.14] |                       NULL |\n|   18 | {"k1":"v31","k2":300,"a1":[{"k1":"v41","k2":400},1,"a",3.14]} |                      "v31" |\n|   26 |                                          {"k1":"v1","k2":200} |                       "v1" |\n+------+---------------------------------------------------------------+----------------------------+\n19 rows in set (0.03 sec)\n'})}),"\n",(0,l.jsxs)(e.ol,{children:["\n",(0,l.jsx)(e.li,{children:"\u83B7\u53D6\u9876\u5C42\u6570\u7EC4\u7684\u7B2C 0 \u4E2A\u5143\u7D20"}),"\n"]}),"\n",(0,l.jsx)(e.pre,{children:(0,l.jsx)(e.code,{children:'mysql> SELECT id, j, json_extract(j, \'$[0]\') FROM test_json ORDER BY id;\n+------+---------------------------------------------------------------+----------------------------+\n| id   | j                                                             | json_extract(`j`, \'$[0]\') |\n+------+---------------------------------------------------------------+----------------------------+\n|    1 |                                                          NULL |                       NULL |\n|    2 |                                                          null |                       NULL |\n|    3 |                                                          true |                       NULL |\n|    4 |                                                         false |                       NULL |\n|    5 |                                                           100 |                       NULL |\n|    6 |                                                         10000 |                       NULL |\n|    7 |                                                    1000000000 |                       NULL |\n|    8 |                                           1152921504606846976 |                       NULL |\n|    9 |                                                          6.18 |                       NULL |\n|   10 |                                                        "abcd" |                       NULL |\n|   11 |                                                            {} |                       NULL |\n|   12 |                                         {"k1":"v31","k2":300} |                       NULL |\n|   13 |                                                            [] |                       NULL |\n|   14 |                                                     [123,456] |                        123 |\n|   15 |                                                 ["abc","def"] |                      "abc" |\n|   16 |                              [null,true,false,100,6.18,"abc"] |                       null |\n|   17 |                            [{"k1":"v41","k2":400},1,"a",3.14] |      {"k1":"v41","k2":400} |\n|   18 | {"k1":"v31","k2":300,"a1":[{"k1":"v41","k2":400},1,"a",3.14]} |                       NULL |\n|   26 |                                          {"k1":"v1","k2":200} |                       NULL |\n+------+---------------------------------------------------------------+----------------------------+\n19 rows in set (0.03 sec)\n'})}),"\n",(0,l.jsxs)(e.ol,{children:["\n",(0,l.jsx)(e.li,{children:"\u83B7\u53D6\u6574\u4E2A json array"}),"\n"]}),"\n",(0,l.jsx)(e.pre,{children:(0,l.jsx)(e.code,{children:'mysql> SELECT id, j, json_extract(j, \'$.a1\') FROM test_json ORDER BY id;\n+------+---------------------------------------------------------------+------------------------------------+\n| id   | j                                                             | json_extract(`j`, \'$.a1\')         |\n+------+---------------------------------------------------------------+------------------------------------+\n|    1 |                                                          NULL |                               NULL |\n|    2 |                                                          null |                               NULL |\n|    3 |                                                          true |                               NULL |\n|    4 |                                                         false |                               NULL |\n|    5 |                                                           100 |                               NULL |\n|    6 |                                                         10000 |                               NULL |\n|    7 |                                                    1000000000 |                               NULL |\n|    8 |                                           1152921504606846976 |                               NULL |\n|    9 |                                                          6.18 |                               NULL |\n|   10 |                                                        "abcd" |                               NULL |\n|   11 |                                                            {} |                               NULL |\n|   12 |                                         {"k1":"v31","k2":300} |                               NULL |\n|   13 |                                                            [] |                               NULL |\n|   14 |                                                     [123,456] |                               NULL |\n|   15 |                                                 ["abc","def"] |                               NULL |\n|   16 |                              [null,true,false,100,6.18,"abc"] |                               NULL |\n|   17 |                            [{"k1":"v41","k2":400},1,"a",3.14] |                               NULL |\n|   18 | {"k1":"v31","k2":300,"a1":[{"k1":"v41","k2":400},1,"a",3.14]} | [{"k1":"v41","k2":400},1,"a",3.14] |\n|   26 |                                          {"k1":"v1","k2":200} |                               NULL |\n+------+---------------------------------------------------------------+------------------------------------+\n19 rows in set (0.02 sec)\n'})}),"\n",(0,l.jsxs)(e.ol,{children:["\n",(0,l.jsx)(e.li,{children:"\u83B7\u53D6 json array \u4E2D\u5D4C\u5957 object \u7684\u5B57\u6BB5"}),"\n"]}),"\n",(0,l.jsx)(e.pre,{children:(0,l.jsx)(e.code,{children:'mysql> SELECT id, j, json_extract(j, \'$.a1[0]\'), json_extract(j, \'$.a1[0].k1\') FROM test_json ORDER BY id;\n+------+---------------------------------------------------------------+-------------------------------+----------------------------------+\n| id   | j                                                             | json_extract(`j`, \'$.a1[0]\') | json_extract(`j`, \'$.a1[0].k1\') |\n+------+---------------------------------------------------------------+-------------------------------+----------------------------------+\n|    1 |                                                          NULL |                          NULL |                             NULL |\n|    2 |                                                          null |                          NULL |                             NULL |\n|    3 |                                                          true |                          NULL |                             NULL |\n|    4 |                                                         false |                          NULL |                             NULL |\n|    5 |                                                           100 |                          NULL |                             NULL |\n|    6 |                                                         10000 |                          NULL |                             NULL |\n|    7 |                                                    1000000000 |                          NULL |                             NULL |\n|    8 |                                           1152921504606846976 |                          NULL |                             NULL |\n|    9 |                                                          6.18 |                          NULL |                             NULL |\n|   10 |                                                        "abcd" |                          NULL |                             NULL |\n|   11 |                                                            {} |                          NULL |                             NULL |\n|   12 |                                         {"k1":"v31","k2":300} |                          NULL |                             NULL |\n|   13 |                                                            [] |                          NULL |                             NULL |\n|   14 |                                                     [123,456] |                          NULL |                             NULL |\n|   15 |                                                 ["abc","def"] |                          NULL |                             NULL |\n|   16 |                              [null,true,false,100,6.18,"abc"] |                          NULL |                             NULL |\n|   17 |                            [{"k1":"v41","k2":400},1,"a",3.14] |                          NULL |                             NULL |\n|   18 | {"k1":"v31","k2":300,"a1":[{"k1":"v41","k2":400},1,"a",3.14]} |         {"k1":"v41","k2":400} |                            "v41" |\n|   26 |                                          {"k1":"v1","k2":200} |                          NULL |                             NULL |\n+------+---------------------------------------------------------------+-------------------------------+----------------------------------+\n19 rows in set (0.02 sec)\n\n'})}),"\n",(0,l.jsxs)(e.ol,{children:["\n",(0,l.jsx)(e.li,{children:"\u83B7\u53D6\u5177\u4F53\u7C7B\u578B\u7684"}),"\n"]}),"\n",(0,l.jsxs)(e.ul,{children:["\n",(0,l.jsx)(e.li,{children:"json_extract_string \u83B7\u53D6 String \u7C7B\u578B\u5B57\u6BB5\uFF0C\u975E String \u7C7B\u578B\u8F6C\u6210 String"}),"\n"]}),"\n",(0,l.jsx)(e.pre,{children:(0,l.jsx)(e.code,{children:'mysql> SELECT id, j, json_extract_string(j, \'$\') FROM test_json ORDER BY id;\n+------+---------------------------------------------------------------+---------------------------------------------------------------+\n| id   | j                                                             | json_extract_string(`j`, \'$\')                                |\n+------+---------------------------------------------------------------+---------------------------------------------------------------+\n|    1 | NULL                                                          | NULL                                                          |\n|    2 | null                                                          | null                                                          |\n|    3 | true                                                          | true                                                          |\n|    4 | false                                                         | false                                                         |\n|    5 | 100                                                           | 100                                                           |\n|    6 | 10000                                                         | 10000                                                         |\n|    7 | 1000000000                                                    | 1000000000                                                    |\n|    8 | 1152921504606846976                                           | 1152921504606846976                                           |\n|    9 | 6.18                                                          | 6.18                                                          |\n|   10 | "abcd"                                                        | abcd                                                          |\n|   11 | {}                                                            | {}                                                            |\n|   12 | {"k1":"v31","k2":300}                                         | {"k1":"v31","k2":300}                                         |\n|   13 | []                                                            | []                                                            |\n|   14 | [123,456]                                                     | [123,456]                                                     |\n|   15 | ["abc","def"]                                                 | ["abc","def"]                                                 |\n|   16 | [null,true,false,100,6.18,"abc"]                              | [null,true,false,100,6.18,"abc"]                              |\n|   17 | [{"k1":"v41","k2":400},1,"a",3.14]                            | [{"k1":"v41","k2":400},1,"a",3.14]                            |\n|   18 | {"k1":"v31","k2":300,"a1":[{"k1":"v41","k2":400},1,"a",3.14]} | {"k1":"v31","k2":300,"a1":[{"k1":"v41","k2":400},1,"a",3.14]} |\n|   26 | {"k1":"v1","k2":200}                                          | {"k1":"v1","k2":200}                                          |\n+------+---------------------------------------------------------------+---------------------------------------------------------------+\n19 rows in set (0.02 sec)\n\nmysql> SELECT id, j, json_extract_string(j, \'$.k1\') FROM test_json ORDER BY id;\n+------+---------------------------------------------------------------+-----------------------------------+\n| id   | j                                                             | json_extract_string(`j`, \'$.k1\') |\n+------+---------------------------------------------------------------+-----------------------------------+\n|    1 |                                                          NULL | NULL                              |\n|    2 |                                                          null | NULL                              |\n|    3 |                                                          true | NULL                              |\n|    4 |                                                         false | NULL                              |\n|    5 |                                                           100 | NULL                              |\n|    6 |                                                         10000 | NULL                              |\n|    7 |                                                    1000000000 | NULL                              |\n|    8 |                                           1152921504606846976 | NULL                              |\n|    9 |                                                          6.18 | NULL                              |\n|   10 |                                                        "abcd" | NULL                              |\n|   11 |                                                            {} | NULL                              |\n|   12 |                                         {"k1":"v31","k2":300} | v31                               |\n|   13 |                                                            [] | NULL                              |\n|   14 |                                                     [123,456] | NULL                              |\n|   15 |                                                 ["abc","def"] | NULL                              |\n|   16 |                              [null,true,false,100,6.18,"abc"] | NULL                              |\n|   17 |                            [{"k1":"v41","k2":400},1,"a",3.14] | NULL                              |\n|   18 | {"k1":"v31","k2":300,"a1":[{"k1":"v41","k2":400},1,"a",3.14]} | v31                               |\n|   26 |                                          {"k1":"v1","k2":200} | v1                                |\n+------+---------------------------------------------------------------+-----------------------------------+\n19 rows in set (0.03 sec)\n\n'})}),"\n",(0,l.jsxs)(e.ul,{children:["\n",(0,l.jsx)(e.li,{children:"json_extract_int \u83B7\u53D6 int \u7C7B\u578B\u5B57\u6BB5\uFF0C\u975E int \u7C7B\u578B\u8FD4\u56DE NULL"}),"\n"]}),"\n",(0,l.jsx)(e.pre,{children:(0,l.jsx)(e.code,{children:'mysql> SELECT id, j, json_extract_int(j, \'$\') FROM test_json ORDER BY id;\n+------+---------------------------------------------------------------+-----------------------------+\n| id   | j                                                             | json_extract_int(`j`, \'$\') |\n+------+---------------------------------------------------------------+-----------------------------+\n|    1 |                                                          NULL |                        NULL |\n|    2 |                                                          null |                        NULL |\n|    3 |                                                          true |                        NULL |\n|    4 |                                                         false |                        NULL |\n|    5 |                                                           100 |                         100 |\n|    6 |                                                         10000 |                       10000 |\n|    7 |                                                    1000000000 |                  1000000000 |\n|    8 |                                           1152921504606846976 |                        NULL |\n|    9 |                                                          6.18 |                        NULL |\n|   10 |                                                        "abcd" |                        NULL |\n|   11 |                                                            {} |                        NULL |\n|   12 |                                         {"k1":"v31","k2":300} |                        NULL |\n|   13 |                                                            [] |                        NULL |\n|   14 |                                                     [123,456] |                        NULL |\n|   15 |                                                 ["abc","def"] |                        NULL |\n|   16 |                              [null,true,false,100,6.18,"abc"] |                        NULL |\n|   17 |                            [{"k1":"v41","k2":400},1,"a",3.14] |                        NULL |\n|   18 | {"k1":"v31","k2":300,"a1":[{"k1":"v41","k2":400},1,"a",3.14]} |                        NULL |\n|   26 |                                          {"k1":"v1","k2":200} |                        NULL |\n+------+---------------------------------------------------------------+-----------------------------+\n19 rows in set (0.02 sec)\n\nmysql> SELECT id, j, json_extract_int(j, \'$.k2\') FROM test_json ORDER BY id;\n+------+---------------------------------------------------------------+--------------------------------+\n| id   | j                                                             | json_extract_int(`j`, \'$.k2\') |\n+------+---------------------------------------------------------------+--------------------------------+\n|    1 |                                                          NULL |                           NULL |\n|    2 |                                                          null |                           NULL |\n|    3 |                                                          true |                           NULL |\n|    4 |                                                         false |                           NULL |\n|    5 |                                                           100 |                           NULL |\n|    6 |                                                         10000 |                           NULL |\n|    7 |                                                    1000000000 |                           NULL |\n|    8 |                                           1152921504606846976 |                           NULL |\n|    9 |                                                          6.18 |                           NULL |\n|   10 |                                                        "abcd" |                           NULL |\n|   11 |                                                            {} |                           NULL |\n|   12 |                                         {"k1":"v31","k2":300} |                            300 |\n|   13 |                                                            [] |                           NULL |\n|   14 |                                                     [123,456] |                           NULL |\n|   15 |                                                 ["abc","def"] |                           NULL |\n|   16 |                              [null,true,false,100,6.18,"abc"] |                           NULL |\n|   17 |                            [{"k1":"v41","k2":400},1,"a",3.14] |                           NULL |\n|   18 | {"k1":"v31","k2":300,"a1":[{"k1":"v41","k2":400},1,"a",3.14]} |                            300 |\n|   26 |                                          {"k1":"v1","k2":200} |                            200 |\n+------+---------------------------------------------------------------+--------------------------------+\n19 rows in set (0.03 sec)\n'})}),"\n",(0,l.jsxs)(e.ul,{children:["\n",(0,l.jsx)(e.li,{children:"json_extract_bigint \u83B7\u53D6 bigint \u7C7B\u578B\u5B57\u6BB5\uFF0C\u975E bigint \u7C7B\u578B\u8FD4\u56DE NULL"}),"\n"]}),"\n",(0,l.jsx)(e.pre,{children:(0,l.jsx)(e.code,{children:'mysql> SELECT id, j, json_extract_bigint(j, \'$\') FROM test_json ORDER BY id;\n+------+---------------------------------------------------------------+--------------------------------+\n| id   | j                                                             | json_extract_bigint(`j`, \'$\') |\n+------+---------------------------------------------------------------+--------------------------------+\n|    1 |                                                          NULL |                           NULL |\n|    2 |                                                          null |                           NULL |\n|    3 |                                                          true |                           NULL |\n|    4 |                                                         false |                           NULL |\n|    5 |                                                           100 |                            100 |\n|    6 |                                                         10000 |                          10000 |\n|    7 |                                                    1000000000 |                     1000000000 |\n|    8 |                                           1152921504606846976 |            1152921504606846976 |\n|    9 |                                                          6.18 |                           NULL |\n|   10 |                                                        "abcd" |                           NULL |\n|   11 |                                                            {} |                           NULL |\n|   12 |                                         {"k1":"v31","k2":300} |                           NULL |\n|   13 |                                                            [] |                           NULL |\n|   14 |                                                     [123,456] |                           NULL |\n|   15 |                                                 ["abc","def"] |                           NULL |\n|   16 |                              [null,true,false,100,6.18,"abc"] |                           NULL |\n|   17 |                            [{"k1":"v41","k2":400},1,"a",3.14] |                           NULL |\n|   18 | {"k1":"v31","k2":300,"a1":[{"k1":"v41","k2":400},1,"a",3.14]} |                           NULL |\n|   26 |                                          {"k1":"v1","k2":200} |                           NULL |\n+------+---------------------------------------------------------------+--------------------------------+\n19 rows in set (0.03 sec)\n\nmysql> SELECT id, j, json_extract_bigint(j, \'$.k2\') FROM test_json ORDER BY id;\n+------+---------------------------------------------------------------+-----------------------------------+\n| id   | j                                                             | json_extract_bigint(`j`, \'$.k2\') |\n+------+---------------------------------------------------------------+-----------------------------------+\n|    1 |                                                          NULL |                              NULL |\n|    2 |                                                          null |                              NULL |\n|    3 |                                                          true |                              NULL |\n|    4 |                                                         false |                              NULL |\n|    5 |                                                           100 |                              NULL |\n|    6 |                                                         10000 |                              NULL |\n|    7 |                                                    1000000000 |                              NULL |\n|    8 |                                           1152921504606846976 |                              NULL |\n|    9 |                                                          6.18 |                              NULL |\n|   10 |                                                        "abcd" |                              NULL |\n|   11 |                                                            {} |                              NULL |\n|   12 |                                         {"k1":"v31","k2":300} |                               300 |\n|   13 |                                                            [] |                              NULL |\n|   14 |                                                     [123,456] |                              NULL |\n|   15 |                                                 ["abc","def"] |                              NULL |\n|   16 |                              [null,true,false,100,6.18,"abc"] |                              NULL |\n|   17 |                            [{"k1":"v41","k2":400},1,"a",3.14] |                              NULL |\n|   18 | {"k1":"v31","k2":300,"a1":[{"k1":"v41","k2":400},1,"a",3.14]} |                               300 |\n|   26 |                                          {"k1":"v1","k2":200} |                               200 |\n+------+---------------------------------------------------------------+-----------------------------------+\n19 rows in set (0.02 sec)\n\n'})}),"\n",(0,l.jsxs)(e.ul,{children:["\n",(0,l.jsx)(e.li,{children:"json_extract_double \u83B7\u53D6 double \u7C7B\u578B\u5B57\u6BB5\uFF0C\u975E double \u7C7B\u578B\u8FD4\u56DE NULL"}),"\n"]}),"\n",(0,l.jsx)(e.pre,{children:(0,l.jsx)(e.code,{children:'mysql> SELECT id, j, json_extract_double(j, \'$\') FROM test_json ORDER BY id;\n+------+---------------------------------------------------------------+--------------------------------+\n| id   | j                                                             | json_extract_double(`j`, \'$\') |\n+------+---------------------------------------------------------------+--------------------------------+\n|    1 |                                                          NULL |                           NULL |\n|    2 |                                                          null |                           NULL |\n|    3 |                                                          true |                           NULL |\n|    4 |                                                         false |                           NULL |\n|    5 |                                                           100 |                            100 |\n|    6 |                                                         10000 |                          10000 |\n|    7 |                                                    1000000000 |                     1000000000 |\n|    8 |                                           1152921504606846976 |          1.152921504606847e+18 |\n|    9 |                                                          6.18 |                           6.18 |\n|   10 |                                                        "abcd" |                           NULL |\n|   11 |                                                            {} |                           NULL |\n|   12 |                                         {"k1":"v31","k2":300} |                           NULL |\n|   13 |                                                            [] |                           NULL |\n|   14 |                                                     [123,456] |                           NULL |\n|   15 |                                                 ["abc","def"] |                           NULL |\n|   16 |                              [null,true,false,100,6.18,"abc"] |                           NULL |\n|   17 |                            [{"k1":"v41","k2":400},1,"a",3.14] |                           NULL |\n|   18 | {"k1":"v31","k2":300,"a1":[{"k1":"v41","k2":400},1,"a",3.14]} |                           NULL |\n|   26 |                                          {"k1":"v1","k2":200} |                           NULL |\n+------+---------------------------------------------------------------+--------------------------------+\n19 rows in set (0.02 sec)\n\nmysql> SELECT id, j, json_extract_double(j, \'$.k2\') FROM test_json ORDER BY id;\n+------+---------------------------------------------------------------+-----------------------------------+\n| id   | j                                                             | json_extract_double(`j`, \'$.k2\') |\n+------+---------------------------------------------------------------+-----------------------------------+\n|    1 |                                                          NULL |                              NULL |\n|    2 |                                                          null |                              NULL |\n|    3 |                                                          true |                              NULL |\n|    4 |                                                         false |                              NULL |\n|    5 |                                                           100 |                              NULL |\n|    6 |                                                         10000 |                              NULL |\n|    7 |                                                    1000000000 |                              NULL |\n|    8 |                                           1152921504606846976 |                              NULL |\n|    9 |                                                          6.18 |                              NULL |\n|   10 |                                                        "abcd" |                              NULL |\n|   11 |                                                            {} |                              NULL |\n|   12 |                                         {"k1":"v31","k2":300} |                               300 |\n|   13 |                                                            [] |                              NULL |\n|   14 |                                                     [123,456] |                              NULL |\n|   15 |                                                 ["abc","def"] |                              NULL |\n|   16 |                              [null,true,false,100,6.18,"abc"] |                              NULL |\n|   17 |                            [{"k1":"v41","k2":400},1,"a",3.14] |                              NULL |\n|   18 | {"k1":"v31","k2":300,"a1":[{"k1":"v41","k2":400},1,"a",3.14]} |                               300 |\n|   26 |                                          {"k1":"v1","k2":200} |                               200 |\n+------+---------------------------------------------------------------+-----------------------------------+\n19 rows in set (0.03 sec)\n'})}),"\n",(0,l.jsxs)(e.ul,{children:["\n",(0,l.jsx)(e.li,{children:"json_extract_bool \u83B7\u53D6 bool \u7C7B\u578B\u5B57\u6BB5\uFF0C\u975E bool \u7C7B\u578B\u8FD4\u56DE NULL"}),"\n"]}),"\n",(0,l.jsx)(e.pre,{children:(0,l.jsx)(e.code,{children:'mysql> SELECT id, j, json_extract_bool(j, \'$\') FROM test_json ORDER BY id;\n+------+---------------------------------------------------------------+------------------------------+\n| id   | j                                                             | json_extract_bool(`j`, \'$\') |\n+------+---------------------------------------------------------------+------------------------------+\n|    1 |                                                          NULL |                         NULL |\n|    2 |                                                          null |                         NULL |\n|    3 |                                                          true |                            1 |\n|    4 |                                                         false |                            0 |\n|    5 |                                                           100 |                         NULL |\n|    6 |                                                         10000 |                         NULL |\n|    7 |                                                    1000000000 |                         NULL |\n|    8 |                                           1152921504606846976 |                         NULL |\n|    9 |                                                          6.18 |                         NULL |\n|   10 |                                                        "abcd" |                         NULL |\n|   11 |                                                            {} |                         NULL |\n|   12 |                                         {"k1":"v31","k2":300} |                         NULL |\n|   13 |                                                            [] |                         NULL |\n|   14 |                                                     [123,456] |                         NULL |\n|   15 |                                                 ["abc","def"] |                         NULL |\n|   16 |                              [null,true,false,100,6.18,"abc"] |                         NULL |\n|   17 |                            [{"k1":"v41","k2":400},1,"a",3.14] |                         NULL |\n|   18 | {"k1":"v31","k2":300,"a1":[{"k1":"v41","k2":400},1,"a",3.14]} |                         NULL |\n|   26 |                                          {"k1":"v1","k2":200} |                         NULL |\n+------+---------------------------------------------------------------+------------------------------+\n19 rows in set (0.01 sec)\n\nmysql> SELECT id, j, json_extract_bool(j, \'$[1]\') FROM test_json ORDER BY id;\n+------+---------------------------------------------------------------+---------------------------------+\n| id   | j                                                             | json_extract_bool(`j`, \'$[1]\') |\n+------+---------------------------------------------------------------+---------------------------------+\n|    1 |                                                          NULL |                            NULL |\n|    2 |                                                          null |                            NULL |\n|    3 |                                                          true |                            NULL |\n|    4 |                                                         false |                            NULL |\n|    5 |                                                           100 |                            NULL |\n|    6 |                                                         10000 |                            NULL |\n|    7 |                                                    1000000000 |                            NULL |\n|    8 |                                           1152921504606846976 |                            NULL |\n|    9 |                                                          6.18 |                            NULL |\n|   10 |                                                        "abcd" |                            NULL |\n|   11 |                                                            {} |                            NULL |\n|   12 |                                         {"k1":"v31","k2":300} |                            NULL |\n|   13 |                                                            [] |                            NULL |\n|   14 |                                                     [123,456] |                            NULL |\n|   15 |                                                 ["abc","def"] |                            NULL |\n|   16 |                              [null,true,false,100,6.18,"abc"] |                               1 |\n|   17 |                            [{"k1":"v41","k2":400},1,"a",3.14] |                            NULL |\n|   18 | {"k1":"v31","k2":300,"a1":[{"k1":"v41","k2":400},1,"a",3.14]} |                            NULL |\n|   26 |                                          {"k1":"v1","k2":200} |                            NULL |\n+------+---------------------------------------------------------------+---------------------------------+\n19 rows in set (0.01 sec)\n'})}),"\n",(0,l.jsxs)(e.ul,{children:["\n",(0,l.jsx)(e.li,{children:"json_extract_isnull \u83B7\u53D6 JSON NULL \u7C7B\u578B\u5B57\u6BB5\uFF0Cnull \u8FD4\u56DE 1\uFF0C\u975E null \u8FD4\u56DE 0"}),"\n",(0,l.jsx)(e.li,{children:"\u9700\u8981\u6CE8\u610F\u7684\u662F JSON NULL \u548C SQL NULL \u4E0D\u4E00\u6837\uFF0CSQL NULL \u8868\u793A\u67D0\u4E2A\u5B57\u6BB5\u7684\u503C\u4E0D\u5B58\u5728\uFF0C\u800C JSON \u8868\u793A\u503C\u5B58\u5728\u4F46\u662F\u662F\u4E00\u4E2A\u7279\u6B8A\u503C NULL"}),"\n"]}),"\n",(0,l.jsx)(e.pre,{children:(0,l.jsx)(e.code,{children:'mysql> SELECT id, j, json_extract_isnull(j, \'$\') FROM test_json ORDER BY id;\n+------+---------------------------------------------------------------+--------------------------------+\n| id   | j                                                             | json_extract_isnull(`j`, \'$\') |\n+------+---------------------------------------------------------------+--------------------------------+\n|    1 |                                                          NULL |                           NULL |\n|    2 |                                                          null |                              1 |\n|    3 |                                                          true |                              0 |\n|    4 |                                                         false |                              0 |\n|    5 |                                                           100 |                              0 |\n|    6 |                                                         10000 |                              0 |\n|    7 |                                                    1000000000 |                              0 |\n|    8 |                                           1152921504606846976 |                              0 |\n|    9 |                                                          6.18 |                              0 |\n|   10 |                                                        "abcd" |                              0 |\n|   11 |                                                            {} |                              0 |\n|   12 |                                         {"k1":"v31","k2":300} |                              0 |\n|   13 |                                                            [] |                              0 |\n|   14 |                                                     [123,456] |                              0 |\n|   15 |                                                 ["abc","def"] |                              0 |\n|   16 |                              [null,true,false,100,6.18,"abc"] |                              0 |\n|   17 |                            [{"k1":"v41","k2":400},1,"a",3.14] |                              0 |\n|   18 | {"k1":"v31","k2":300,"a1":[{"k1":"v41","k2":400},1,"a",3.14]} |                              0 |\n|   26 |                                          {"k1":"v1","k2":200} |                              0 |\n+------+---------------------------------------------------------------+--------------------------------+\n19 rows in set (0.03 sec)\n\n'})}),"\n",(0,l.jsx)(e.h5,{id:"\u7528-json_exists_path-\u68C0\u67E5-json-\u5185\u7684\u67D0\u4E2A\u5B57\u6BB5\u662F\u5426\u5B58\u5728",children:"\u7528 json_exists_path \u68C0\u67E5 json \u5185\u7684\u67D0\u4E2A\u5B57\u6BB5\u662F\u5426\u5B58\u5728"}),"\n",(0,l.jsx)(e.pre,{children:(0,l.jsx)(e.code,{children:'mysql> SELECT id, j, json_exists_path(j, \'$\') FROM test_json ORDER BY id;\n+------+---------------------------------------------------------------+-----------------------------+\n| id   | j                                                             | json_exists_path(`j`, \'$\') |\n+------+---------------------------------------------------------------+-----------------------------+\n|    1 |                                                          NULL |                        NULL |\n|    2 |                                                          null |                           1 |\n|    3 |                                                          true |                           1 |\n|    4 |                                                         false |                           1 |\n|    5 |                                                           100 |                           1 |\n|    6 |                                                         10000 |                           1 |\n|    7 |                                                    1000000000 |                           1 |\n|    8 |                                           1152921504606846976 |                           1 |\n|    9 |                                                          6.18 |                           1 |\n|   10 |                                                        "abcd" |                           1 |\n|   11 |                                                            {} |                           1 |\n|   12 |                                         {"k1":"v31","k2":300} |                           1 |\n|   13 |                                                            [] |                           1 |\n|   14 |                                                     [123,456] |                           1 |\n|   15 |                                                 ["abc","def"] |                           1 |\n|   16 |                              [null,true,false,100,6.18,"abc"] |                           1 |\n|   17 |                            [{"k1":"v41","k2":400},1,"a",3.14] |                           1 |\n|   18 | {"k1":"v31","k2":300,"a1":[{"k1":"v41","k2":400},1,"a",3.14]} |                           1 |\n|   26 |                                          {"k1":"v1","k2":200} |                           1 |\n+------+---------------------------------------------------------------+-----------------------------+\n19 rows in set (0.02 sec)\n\nmysql> SELECT id, j, json_exists_path(j, \'$.k1\') FROM test_json ORDER BY id;\n+------+---------------------------------------------------------------+--------------------------------+\n| id   | j                                                             | json_exists_path(`j`, \'$.k1\') |\n+------+---------------------------------------------------------------+--------------------------------+\n|    1 |                                                          NULL |                           NULL |\n|    2 |                                                          null |                              0 |\n|    3 |                                                          true |                              0 |\n|    4 |                                                         false |                              0 |\n|    5 |                                                           100 |                              0 |\n|    6 |                                                         10000 |                              0 |\n|    7 |                                                    1000000000 |                              0 |\n|    8 |                                           1152921504606846976 |                              0 |\n|    9 |                                                          6.18 |                              0 |\n|   10 |                                                        "abcd" |                              0 |\n|   11 |                                                            {} |                              0 |\n|   12 |                                         {"k1":"v31","k2":300} |                              1 |\n|   13 |                                                            [] |                              0 |\n|   14 |                                                     [123,456] |                              0 |\n|   15 |                                                 ["abc","def"] |                              0 |\n|   16 |                              [null,true,false,100,6.18,"abc"] |                              0 |\n|   17 |                            [{"k1":"v41","k2":400},1,"a",3.14] |                              0 |\n|   18 | {"k1":"v31","k2":300,"a1":[{"k1":"v41","k2":400},1,"a",3.14]} |                              1 |\n|   26 |                                          {"k1":"v1","k2":200} |                              1 |\n+------+---------------------------------------------------------------+--------------------------------+\n19 rows in set (0.03 sec)\n\nmysql> SELECT id, j, json_exists_path(j, \'$[2]\') FROM test_json ORDER BY id;\n+------+---------------------------------------------------------------+--------------------------------+\n| id   | j                                                             | json_exists_path(`j`, \'$[2]\') |\n+------+---------------------------------------------------------------+--------------------------------+\n|    1 |                                                          NULL |                           NULL |\n|    2 |                                                          null |                              0 |\n|    3 |                                                          true |                              0 |\n|    4 |                                                         false |                              0 |\n|    5 |                                                           100 |                              0 |\n|    6 |                                                         10000 |                              0 |\n|    7 |                                                    1000000000 |                              0 |\n|    8 |                                           1152921504606846976 |                              0 |\n|    9 |                                                          6.18 |                              0 |\n|   10 |                                                        "abcd" |                              0 |\n|   11 |                                                            {} |                              0 |\n|   12 |                                         {"k1":"v31","k2":300} |                              0 |\n|   13 |                                                            [] |                              0 |\n|   14 |                                                     [123,456] |                              0 |\n|   15 |                                                 ["abc","def"] |                              0 |\n|   16 |                              [null,true,false,100,6.18,"abc"] |                              1 |\n|   17 |                            [{"k1":"v41","k2":400},1,"a",3.14] |                              1 |\n|   18 | {"k1":"v31","k2":300,"a1":[{"k1":"v41","k2":400},1,"a",3.14]} |                              0 |\n|   26 |                                          {"k1":"v1","k2":200} |                              0 |\n+------+---------------------------------------------------------------+--------------------------------+\n19 rows in set (0.02 sec)\n\n\n'})}),"\n",(0,l.jsx)(e.h5,{id:"\u7528-json_type-\u83B7\u53D6-json-\u5185\u7684\u67D0\u4E2A\u5B57\u6BB5\u7684\u7C7B\u578B",children:"\u7528 json_type \u83B7\u53D6 JSON \u5185\u7684\u67D0\u4E2A\u5B57\u6BB5\u7684\u7C7B\u578B"}),"\n",(0,l.jsxs)(e.ul,{children:["\n",(0,l.jsx)(e.li,{children:"\u8FD4\u56DE json path \u5BF9\u5E94\u7684 JSON \u5B57\u6BB5\u7C7B\u578B\uFF0C\u5982\u679C\u4E0D\u5B58\u5728\u8FD4\u56DE NULL"}),"\n"]}),"\n",(0,l.jsx)(e.pre,{children:(0,l.jsx)(e.code,{children:'mysql> SELECT id, j, json_type(j, \'$\') FROM test_json ORDER BY id;\n+------+---------------------------------------------------------------+----------------------+\n| id   | j                                                             | json_type(`j`, \'$\') |\n+------+---------------------------------------------------------------+----------------------+\n|    1 |                                                          NULL | NULL                 |\n|    2 |                                                          null | null                 |\n|    3 |                                                          true | bool                 |\n|    4 |                                                         false | bool                 |\n|    5 |                                                           100 | int                  |\n|    6 |                                                         10000 | int                  |\n|    7 |                                                    1000000000 | int                  |\n|    8 |                                           1152921504606846976 | bigint               |\n|    9 |                                                          6.18 | double               |\n|   10 |                                                        "abcd" | string               |\n|   11 |                                                            {} | object               |\n|   12 |                                         {"k1":"v31","k2":300} | object               |\n|   13 |                                                            [] | array                |\n|   14 |                                                     [123,456] | array                |\n|   15 |                                                 ["abc","def"] | array                |\n|   16 |                              [null,true,false,100,6.18,"abc"] | array                |\n|   17 |                            [{"k1":"v41","k2":400},1,"a",3.14] | array                |\n|   18 | {"k1":"v31","k2":300,"a1":[{"k1":"v41","k2":400},1,"a",3.14]} | object               |\n|   26 |                                          {"k1":"v1","k2":200} | object               |\n+------+---------------------------------------------------------------+----------------------+\n19 rows in set (0.02 sec)\n\nmysql> select id, j, json_type(j, \'$.k1\') from test_json order by id;\n+------+---------------------------------------------------------------+-------------------------+\n| id   | j                                                             | json_type(`j`, \'$.k1\') |\n+------+---------------------------------------------------------------+-------------------------+\n|    1 |                                                          NULL | NULL                    |\n|    2 |                                                          null | NULL                    |\n|    3 |                                                          true | NULL                    |\n|    4 |                                                         false | NULL                    |\n|    5 |                                                           100 | NULL                    |\n|    6 |                                                         10000 | NULL                    |\n|    7 |                                                    1000000000 | NULL                    |\n|    8 |                                           1152921504606846976 | NULL                    |\n|    9 |                                                          6.18 | NULL                    |\n|   10 |                                                        "abcd" | NULL                    |\n|   11 |                                                            {} | NULL                    |\n|   12 |                                         {"k1":"v31","k2":300} | string                  |\n|   13 |                                                            [] | NULL                    |\n|   14 |                                                     [123,456] | NULL                    |\n|   15 |                                                 ["abc","def"] | NULL                    |\n|   16 |                              [null,true,false,100,6.18,"abc"] | NULL                    |\n|   17 |                            [{"k1":"v41","k2":400},1,"a",3.14] | NULL                    |\n|   18 | {"k1":"v31","k2":300,"a1":[{"k1":"v41","k2":400},1,"a",3.14]} | string                  |\n|   26 |                                          {"k1":"v1","k2":200} | string                  |\n+------+---------------------------------------------------------------+-------------------------+\n19 rows in set (0.03 sec)\n\n'})}),"\n",(0,l.jsx)(e.h3,{id:"faq",children:"FAQ"}),"\n",(0,l.jsxs)(e.ol,{children:["\n",(0,l.jsx)(e.li,{children:"JSON\u7C7B\u578B\u4E2D\u7684null\u548CSQL\u4E2D\u7684NULL(IS NULL)\u6709\u533A\u522B\u5417"}),"\n"]}),"\n",(0,l.jsxs)(e.p,{children:["\u662F\u7684\uFF0CJSON\u4E2D\u7684null\u4F8B\u5982 ",(0,l.jsx)(e.code,{children:'{"key1" : null}'})," \u8868\u793A",(0,l.jsx)(e.code,{children:"key1"}),"\u8FD9\u4E2AJSON\u952E\u5B58\u5728\uFF0C\u5E76\u4E14\u503C\u4E3Anull (\u4F5C\u4E3A\u4E00\u4E2A\u7279\u6B8A\u7C7B\u578B\u4F1A\u88AB\u7F16\u7801\u5230JSON binary\u4E2D)\uFF0C\u800CSQL\u4E2D\u7684NULL\u662F\u6307\u6CA1\u6709\u8FD9\u4E2AJSON\u952E\u3002\u4F8B\u5982"]}),"\n",(0,l.jsx)(e.pre,{children:(0,l.jsx)(e.code,{className:"language-sql",children:'mysql> SELECT JSON_EXTRACT_STRING(\'{"key1" : null}\', "$.key1") IS NULL;\n+----------------------------------------------------------+\n| JSON_EXTRACT_STRING(\'{"key1" : null}\', "$.key1") IS NULL |\n+----------------------------------------------------------+\n|                                                        0 |\n+----------------------------------------------------------+\n1 row in set (0.00 sec)\n\nmysql> SELECT JSON_EXTRACT_STRING(\'{"key1" : null}\', "$.key_not_exist") IS NULL;\n+-------------------------------------------------------------------+\n| JSON_EXTRACT_STRING(\'{"key1" : null}\', "$.key_not_exist") IS NULL |\n+-------------------------------------------------------------------+\n|                                                                 1 |\n+-------------------------------------------------------------------+\n1 row in set (0.01 sec)\n'})}),"\n",(0,l.jsxs)(e.ol,{start:"2",children:["\n",(0,l.jsxs)(e.li,{children:[(0,l.jsx)(e.code,{children:"GET_JSON_XXX"})," \u51FD\u6570\u548C ",(0,l.jsx)(e.code,{children:"JSON_EXTRACT_XXX"})," \u51FD\u6570\u7684\u533A\u522B\uFF0C\u4EE5\u53CA\u600E\u4E48\u9009\u62E9"]}),"\n"]}),"\n",(0,l.jsxs)(e.p,{children:[(0,l.jsx)(e.code,{children:"GET_JSON_XXX"})," \u662F\u9488\u5BF9\u5B57\u7B26\u4E32\u7C7B\u578B\u8BBE\u8BA1\u7684\u51FD\u6570\uFF0C\u662F\u76F4\u63A5\u5728\u539F\u751F\u5B57\u7B26\u4E32\u4E0A\u505A\u63D0\u53D6\u64CD\u4F5C\uFF0C\u800C ",(0,l.jsx)(e.code,{children:"JSON_EXTRACT_XXX"})," \u662F\u9488\u5BF9 JSON \u7C7B\u578B\u5B9E\u73B0\u7684\u51FD\u6570\uFF0C\u9488\u5BF9 JSON \u7C7B\u578B\u6709\u7279\u6B8A\u4F18\u5316\u3002\u4E00\u822C\u5EFA\u8BAE\u4F7F\u7528 ",(0,l.jsx)(e.code,{children:"JSON_EXTRACT_XXX"})," \u6027\u80FD\u4F1A\u66F4\u597D\u3002"]})]})}function N(n={}){let{wrapper:e}={...(0,t.a)(),...n.components};return e?(0,l.jsx)(e,{...n,children:(0,l.jsx)(d,{...n})}):d(n)}},250065:function(n,e,s){s.d(e,{Z:function(){return r},a:function(){return a}});var L=s(667294);let l={},t=L.createContext(l);function a(n){let e=L.useContext(t);return L.useMemo(function(){return"function"==typeof n?n(e):{...e,...n}},[e,n])}function r(n){let e;return e=n.disableParentContext?"function"==typeof n.components?n.components(l):n.components||l:a(n.components),L.createElement(t.Provider,{value:e},n.children)}}}]);