"use strict";(self.webpackChunkdoris_website=self.webpackChunkdoris_website||[]).push([["528680"],{513549:function(n,e,s){s.r(e),s.d(e,{default:()=>c,frontMatter:()=>i,metadata:()=>t,assets:()=>L,toc:()=>d,contentTitle:()=>r});var t=JSON.parse('{"id":"sql-manual/sql-data-types/semi-structured/JSON","title":"JSON","description":"JSON","source":"@site/versioned_docs/version-2.0/sql-manual/sql-data-types/semi-structured/JSON.md","sourceDirName":"sql-manual/sql-data-types/semi-structured","slug":"/sql-manual/sql-data-types/semi-structured/JSON","permalink":"/docs/2.0/sql-manual/sql-data-types/semi-structured/JSON","draft":false,"unlisted":false,"tags":[],"version":"2.0","frontMatter":{"title":"JSON","language":"en"},"sidebar":"docs","previous":{"title":"STRUCT","permalink":"/docs/2.0/sql-manual/sql-data-types/semi-structured/STRUCT"},"next":{"title":"HLL (HyperLogLog)","permalink":"/docs/2.0/sql-manual/sql-data-types/aggregate/HLL"}}'),a=s("785893"),l=s("250065");let i={title:"JSON",language:"en"},r=void 0,L={},d=[{value:"JSON",id:"json",level:2},{value:"Syntax",id:"syntax",level:3},{value:"example",id:"example",level:3},{value:"create database and table",id:"create-database-and-table",level:4},{value:"Load data",id:"load-data",level:4},{value:"stream load test_json.csv test data",id:"stream-load-test_jsoncsv-test-data",level:5},{value:"write data using insert into",id:"write-data-using-insert-into",level:5},{value:"Query",id:"query",level:4},{value:"extract some filed from json by json_extract functions",id:"extract-some-filed-from-json-by-json_extract-functions",level:5},{value:"check if a field is existed in json by json_exists_path",id:"check-if-a-field-is-existed-in-json-by-json_exists_path",level:5},{value:"get the datatype of a field in json by json_type",id:"get-the-datatype-of-a-field-in-json-by-json_type",level:5},{value:"FAQ",id:"faq",level:3},{value:"keywords",id:"keywords",level:3}];function o(n){let e={a:"a",admonition:"admonition",code:"code",h2:"h2",h3:"h3",h4:"h4",h5:"h5",li:"li",ol:"ol",p:"p",pre:"pre",strong:"strong",ul:"ul",...(0,l.a)(),...n.components};return(0,a.jsxs)(a.Fragment,{children:[(0,a.jsx)(e.h2,{id:"json",children:"JSON"}),"\n",(0,a.jsxs)(e.p,{children:["The JSON data type stores ",(0,a.jsx)(e.a,{href:"https://www.rfc-editor.org/rfc/rfc8785",children:"JSON"})," data efficiently in a binary format and allows access to its internal fields through JSON functions."]}),"\n",(0,a.jsxs)(e.p,{children:["By default, it supports up to 1048576 bytes (1MB), and can be increased up to 2147483643 bytes (2GB). This can be adjusted via the ",(0,a.jsx)(e.code,{children:"string_type_length_soft_limit_bytes"})," configuration."]}),"\n",(0,a.jsx)(e.p,{children:"Compared to storing JSON strings in a regular STRING type, the JSON type has two main advantages:"}),"\n",(0,a.jsxs)(e.ol,{children:["\n",(0,a.jsx)(e.li,{children:"JSON format validation during data insertion."}),"\n",(0,a.jsxs)(e.li,{children:["More efficient binary storage format, enabling faster access to JSON internal fields using functions like ",(0,a.jsx)(e.code,{children:"json_extract"}),", compared to ",(0,a.jsx)(e.code,{children:"get_json_xx"})," functions."]}),"\n"]}),"\n",(0,a.jsxs)(e.p,{children:[(0,a.jsx)(e.strong,{children:"Note"}),": In version 1.2.x, the JSON type was named JSONB. To maintain compatibility with MySQL, it was renamed to JSON starting from version 2.0.0. Older tables can still use the previous name."]}),"\n",(0,a.jsx)(e.h3,{id:"syntax",children:"Syntax"}),"\n",(0,a.jsx)(e.p,{children:(0,a.jsx)(e.strong,{children:"Definition:"})}),"\n",(0,a.jsx)(e.pre,{children:(0,a.jsx)(e.code,{className:"language-sql",children:"json_column_name JSON\n"})}),"\n",(0,a.jsx)(e.p,{children:(0,a.jsx)(e.strong,{children:"Insertion:"})}),"\n",(0,a.jsxs)(e.ul,{children:["\n",(0,a.jsxs)(e.li,{children:["Using ",(0,a.jsx)(e.code,{children:"INSERT INTO VALUES"})," with the format as a string surrounded by quotes. For example:"]}),"\n"]}),"\n",(0,a.jsx)(e.pre,{children:(0,a.jsx)(e.code,{className:"language-sql",children:'INSERT INTO table_name(id, json_column_name) VALUES (1, \'{"k1": "100"}\')\n'})}),"\n",(0,a.jsxs)(e.ul,{children:["\n",(0,a.jsx)(e.li,{children:"For STREAM LOAD, the format for the corresponding column is a string without additional quotes. For example:"}),"\n"]}),"\n",(0,a.jsx)(e.pre,{children:(0,a.jsx)(e.code,{children:'12	{"k1":"v31", "k2": 300}\n13	[]\n14	[123, 456]\n'})}),"\n",(0,a.jsx)(e.p,{children:(0,a.jsx)(e.strong,{children:"Query:"})}),"\n",(0,a.jsxs)(e.ul,{children:["\n",(0,a.jsx)(e.li,{children:"Directly select the entire JSON column:"}),"\n"]}),"\n",(0,a.jsx)(e.pre,{children:(0,a.jsx)(e.code,{className:"language-sql",children:"SELECT json_column_name FROM table_name;\n"})}),"\n",(0,a.jsxs)(e.ul,{children:["\n",(0,a.jsx)(e.li,{children:"Extract specific fields or other information from JSON using JSON functions. For example:"}),"\n"]}),"\n",(0,a.jsx)(e.pre,{children:(0,a.jsx)(e.code,{className:"language-sql",children:"SELECT json_extract(json_column_name, '$.k1') FROM table_name;\n"})}),"\n",(0,a.jsxs)(e.ul,{children:["\n",(0,a.jsx)(e.li,{children:"The JSON type can be cast to and from integers, strings, BOOLEAN, ARRAY, and MAP. For example:"}),"\n"]}),"\n",(0,a.jsx)(e.pre,{children:(0,a.jsx)(e.code,{className:"language-sql",children:"SELECT CAST('{\"k1\": \"100\"}' AS JSON);\nSELECT CAST(json_column_name AS STRING) FROM table_name;\nSELECT CAST(json_extract(json_column_name, '$.k1') AS INT) FROM table_name;\n"})}),"\n",(0,a.jsx)(e.admonition,{type:"tip",children:(0,a.jsxs)(e.p,{children:["The JSON type currently cannot be used for ",(0,a.jsx)(e.code,{children:"GROUP BY"}),", ",(0,a.jsx)(e.code,{children:"ORDER BY"}),", or comparison operations."]})}),"\n",(0,a.jsx)(e.h3,{id:"example",children:"example"}),"\n",(0,a.jsx)(e.p,{children:"A tutorial for JSON datatype including create table, load data and query."}),"\n",(0,a.jsx)(e.h4,{id:"create-database-and-table",children:"create database and table"}),"\n",(0,a.jsx)(e.pre,{children:(0,a.jsx)(e.code,{children:'CREATE DATABASE testdb;\n\nUSE testdb;\n\nCREATE TABLE test_json (\n  id INT,\n  j JSON\n)\nDUPLICATE KEY(id)\nDISTRIBUTED BY HASH(id) BUCKETS 10\nPROPERTIES("replication_num" = "1");\n'})}),"\n",(0,a.jsx)(e.h4,{id:"load-data",children:"Load data"}),"\n",(0,a.jsx)(e.h5,{id:"stream-load-test_jsoncsv-test-data",children:"stream load test_json.csv test data"}),"\n",(0,a.jsxs)(e.ul,{children:["\n",(0,a.jsx)(e.li,{children:"there are 2 columns, the 1st column is id and the 2nd column is json string"}),"\n",(0,a.jsx)(e.li,{children:"there are 25 rows, the first 18 rows are valid json and the last 7 rows are invalid"}),"\n"]}),"\n",(0,a.jsx)(e.pre,{children:(0,a.jsx)(e.code,{children:'1	\\N\n2	null\n3	true\n4	false\n5	100\n6	10000\n7	1000000000\n8	1152921504606846976\n9	6.18\n10	"abcd"\n11	{}\n12	{"k1":"v31", "k2": 300}\n13	[]\n14	[123, 456]\n15	["abc", "def"]\n16	[null, true, false, 100, 6.18, "abc"]\n17	[{"k1":"v41", "k2": 400}, 1, "a", 3.14]\n18	{"k1":"v31", "k2": 300, "a1": [{"k1":"v41", "k2": 400}, 1, "a", 3.14]}\n19	\'\'\n20	\'abc\'\n21	abc\n22	100x\n23	6.a8\n24	{x\n25	[123, abc]\n'})}),"\n",(0,a.jsxs)(e.ul,{children:["\n",(0,a.jsx)(e.li,{children:'due to the 28% of rows is invalid\uFF0Cstream load with default configuration will fail with error message "too many filtered rows"'}),"\n"]}),"\n",(0,a.jsx)(e.pre,{children:(0,a.jsx)(e.code,{children:'curl --location-trusted -u root: -T test_json.csv http://127.0.0.1:8840/api/testdb/test_json/_stream_load\n{\n    "TxnId": 12019,\n    "Label": "744d9821-9c9f-43dc-bf3b-7ab048f14e32",\n    "TwoPhaseCommit": "false",\n    "Status": "Fail",\n    "Message": "too many filtered rows",\n    "NumberTotalRows": 25,\n    "NumberLoadedRows": 18,\n    "NumberFilteredRows": 7,\n    "NumberUnselectedRows": 0,\n    "LoadBytes": 380,\n    "LoadTimeMs": 48,\n    "BeginTxnTimeMs": 0,\n    "StreamLoadPutTimeMs": 1,\n    "ReadDataTimeMs": 0,\n    "WriteDataTimeMs": 45,\n    "CommitAndPublishTimeMs": 0,\n    "ErrorURL": "http://172.21.0.5:8840/api/_load_error_log?file=__shard_2/error_log_insert_stmt_95435c4bf5f156df-426735082a9296af_95435c4bf5f156df_426735082a9296af"\n}\n'})}),"\n",(0,a.jsxs)(e.ul,{children:["\n",(0,a.jsx)(e.li,{children:"stream load will success after set header configuration 'max_filter_ratio: 0.3'"}),"\n"]}),"\n",(0,a.jsx)(e.pre,{children:(0,a.jsx)(e.code,{children:'curl --location-trusted -u root: -H \'max_filter_ratio: 0.3\' -T test_json.csv http://127.0.0.1:8840/api/testdb/test_json/_stream_load\n{\n    "TxnId": 12017,\n    "Label": "f37a50c1-43e9-4f4e-a159-a3db6abe2579",\n    "TwoPhaseCommit": "false",\n    "Status": "Success",\n    "Message": "OK",\n    "NumberTotalRows": 25,\n    "NumberLoadedRows": 18,\n    "NumberFilteredRows": 7,\n    "NumberUnselectedRows": 0,\n    "LoadBytes": 380,\n    "LoadTimeMs": 68,\n    "BeginTxnTimeMs": 0,\n    "StreamLoadPutTimeMs": 2,\n    "ReadDataTimeMs": 0,\n    "WriteDataTimeMs": 45,\n    "CommitAndPublishTimeMs": 19,\n    "ErrorURL": "http://172.21.0.5:8840/api/_load_error_log?file=__shard_0/error_log_insert_stmt_a1463f98a7b15caf-c79399b920f5bfa3_a1463f98a7b15caf_c79399b920f5bfa3"\n}\n'})}),"\n",(0,a.jsxs)(e.ul,{children:["\n",(0,a.jsx)(e.li,{children:"use SELECT to view the data loaded by stream load. The column with JSON type will be displayed as plain JSON string."}),"\n"]}),"\n",(0,a.jsx)(e.pre,{children:(0,a.jsx)(e.code,{children:'mysql> SELECT * FROM test_json ORDER BY id;\n+------+---------------------------------------------------------------+\n| id   | j                                                             |\n+------+---------------------------------------------------------------+\n|    1 |                                                          NULL |\n|    2 |                                                          null |\n|    3 |                                                          true |\n|    4 |                                                         false |\n|    5 |                                                           100 |\n|    6 |                                                         10000 |\n|    7 |                                                    1000000000 |\n|    8 |                                           1152921504606846976 |\n|    9 |                                                          6.18 |\n|   10 |                                                        "abcd" |\n|   11 |                                                            {} |\n|   12 |                                         {"k1":"v31","k2":300} |\n|   13 |                                                            [] |\n|   14 |                                                     [123,456] |\n|   15 |                                                 ["abc","def"] |\n|   16 |                              [null,true,false,100,6.18,"abc"] |\n|   17 |                            [{"k1":"v41","k2":400},1,"a",3.14] |\n|   18 | {"k1":"v31","k2":300,"a1":[{"k1":"v41","k2":400},1,"a",3.14]} |\n+------+---------------------------------------------------------------+\n18 rows in set (0.03 sec)\n\n'})}),"\n",(0,a.jsx)(e.h5,{id:"write-data-using-insert-into",children:"write data using insert into"}),"\n",(0,a.jsxs)(e.ul,{children:["\n",(0,a.jsx)(e.li,{children:"total rows increae from 18 to 19 after insert 1 row"}),"\n"]}),"\n",(0,a.jsx)(e.pre,{children:(0,a.jsx)(e.code,{children:'mysql> INSERT INTO test_json VALUES(26, \'{"k1":"v1", "k2": 200}\');\nQuery OK, 1 row affected (0.09 sec)\n{\'label\':\'insert_4ece6769d1b42fd_ac9f25b3b8f3dc02\', \'status\':\'VISIBLE\', \'txnId\':\'12016\'}\n\nmysql> SELECT * FROM test_json ORDER BY id;\n+------+---------------------------------------------------------------+\n| id   | j                                                             |\n+------+---------------------------------------------------------------+\n|    1 |                                                          NULL |\n|    2 |                                                          null |\n|    3 |                                                          true |\n|    4 |                                                         false |\n|    5 |                                                           100 |\n|    6 |                                                         10000 |\n|    7 |                                                    1000000000 |\n|    8 |                                           1152921504606846976 |\n|    9 |                                                          6.18 |\n|   10 |                                                        "abcd" |\n|   11 |                                                            {} |\n|   12 |                                         {"k1":"v31","k2":300} |\n|   13 |                                                            [] |\n|   14 |                                                     [123,456] |\n|   15 |                                                 ["abc","def"] |\n|   16 |                              [null,true,false,100,6.18,"abc"] |\n|   17 |                            [{"k1":"v41","k2":400},1,"a",3.14] |\n|   18 | {"k1":"v31","k2":300,"a1":[{"k1":"v41","k2":400},1,"a",3.14]} |\n|   26 |                                          {"k1":"v1","k2":200} |\n+------+---------------------------------------------------------------+\n19 rows in set (0.03 sec)\n\n'})}),"\n",(0,a.jsx)(e.h4,{id:"query",children:"Query"}),"\n",(0,a.jsx)(e.h5,{id:"extract-some-filed-from-json-by-json_extract-functions",children:"extract some filed from json by json_extract functions"}),"\n",(0,a.jsxs)(e.ol,{children:["\n",(0,a.jsx)(e.li,{children:"extract the whole json, '$' stands for root in json path"}),"\n"]}),"\n",(0,a.jsx)(e.pre,{children:(0,a.jsx)(e.code,{children:'+------+---------------------------------------------------------------+---------------------------------------------------------------+\n| id   | j                                                             | json_extract(`j`, \'$\')                                       |\n+------+---------------------------------------------------------------+---------------------------------------------------------------+\n|    1 |                                                          NULL |                                                          NULL |\n|    2 |                                                          null |                                                          null |\n|    3 |                                                          true |                                                          true |\n|    4 |                                                         false |                                                         false |\n|    5 |                                                           100 |                                                           100 |\n|    6 |                                                         10000 |                                                         10000 |\n|    7 |                                                    1000000000 |                                                    1000000000 |\n|    8 |                                           1152921504606846976 |                                           1152921504606846976 |\n|    9 |                                                          6.18 |                                                          6.18 |\n|   10 |                                                        "abcd" |                                                        "abcd" |\n|   11 |                                                            {} |                                                            {} |\n|   12 |                                         {"k1":"v31","k2":300} |                                         {"k1":"v31","k2":300} |\n|   13 |                                                            [] |                                                            [] |\n|   14 |                                                     [123,456] |                                                     [123,456] |\n|   15 |                                                 ["abc","def"] |                                                 ["abc","def"] |\n|   16 |                              [null,true,false,100,6.18,"abc"] |                              [null,true,false,100,6.18,"abc"] |\n|   17 |                            [{"k1":"v41","k2":400},1,"a",3.14] |                            [{"k1":"v41","k2":400},1,"a",3.14] |\n|   18 | {"k1":"v31","k2":300,"a1":[{"k1":"v41","k2":400},1,"a",3.14]} | {"k1":"v31","k2":300,"a1":[{"k1":"v41","k2":400},1,"a",3.14]} |\n|   26 |                                          {"k1":"v1","k2":200} |                                          {"k1":"v1","k2":200} |\n+------+---------------------------------------------------------------+---------------------------------------------------------------+\n19 rows in set (0.03 sec)\n'})}),"\n",(0,a.jsxs)(e.ol,{children:["\n",(0,a.jsx)(e.li,{children:"extract k1 field, return NULL if it does not exist"}),"\n"]}),"\n",(0,a.jsx)(e.pre,{children:(0,a.jsx)(e.code,{children:'mysql> SELECT id, j, json_extract(j, \'$.k1\') FROM test_json ORDER BY id;\n+------+---------------------------------------------------------------+----------------------------+\n| id   | j                                                             | json_extract(`j`, \'$.k1\') |\n+------+---------------------------------------------------------------+----------------------------+\n|    1 |                                                          NULL |                       NULL |\n|    2 |                                                          null |                       NULL |\n|    3 |                                                          true |                       NULL |\n|    4 |                                                         false |                       NULL |\n|    5 |                                                           100 |                       NULL |\n|    6 |                                                         10000 |                       NULL |\n|    7 |                                                    1000000000 |                       NULL |\n|    8 |                                           1152921504606846976 |                       NULL |\n|    9 |                                                          6.18 |                       NULL |\n|   10 |                                                        "abcd" |                       NULL |\n|   11 |                                                            {} |                       NULL |\n|   12 |                                         {"k1":"v31","k2":300} |                      "v31" |\n|   13 |                                                            [] |                       NULL |\n|   14 |                                                     [123,456] |                       NULL |\n|   15 |                                                 ["abc","def"] |                       NULL |\n|   16 |                              [null,true,false,100,6.18,"abc"] |                       NULL |\n|   17 |                            [{"k1":"v41","k2":400},1,"a",3.14] |                       NULL |\n|   18 | {"k1":"v31","k2":300,"a1":[{"k1":"v41","k2":400},1,"a",3.14]} |                      "v31" |\n|   26 |                                          {"k1":"v1","k2":200} |                       "v1" |\n+------+---------------------------------------------------------------+----------------------------+\n19 rows in set (0.03 sec)\n'})}),"\n",(0,a.jsxs)(e.ol,{children:["\n",(0,a.jsx)(e.li,{children:"extract element 0 of the top level array"}),"\n"]}),"\n",(0,a.jsx)(e.pre,{children:(0,a.jsx)(e.code,{children:'mysql> SELECT id, j, json_extract(j, \'$[0]\') FROM test_json ORDER BY id;\n+------+---------------------------------------------------------------+----------------------------+\n| id   | j                                                             | json_extract(`j`, \'$[0]\') |\n+------+---------------------------------------------------------------+----------------------------+\n|    1 |                                                          NULL |                       NULL |\n|    2 |                                                          null |                       NULL |\n|    3 |                                                          true |                       NULL |\n|    4 |                                                         false |                       NULL |\n|    5 |                                                           100 |                       NULL |\n|    6 |                                                         10000 |                       NULL |\n|    7 |                                                    1000000000 |                       NULL |\n|    8 |                                           1152921504606846976 |                       NULL |\n|    9 |                                                          6.18 |                       NULL |\n|   10 |                                                        "abcd" |                       NULL |\n|   11 |                                                            {} |                       NULL |\n|   12 |                                         {"k1":"v31","k2":300} |                       NULL |\n|   13 |                                                            [] |                       NULL |\n|   14 |                                                     [123,456] |                        123 |\n|   15 |                                                 ["abc","def"] |                      "abc" |\n|   16 |                              [null,true,false,100,6.18,"abc"] |                       null |\n|   17 |                            [{"k1":"v41","k2":400},1,"a",3.14] |      {"k1":"v41","k2":400} |\n|   18 | {"k1":"v31","k2":300,"a1":[{"k1":"v41","k2":400},1,"a",3.14]} |                       NULL |\n|   26 |                                          {"k1":"v1","k2":200} |                       NULL |\n+------+---------------------------------------------------------------+----------------------------+\n19 rows in set (0.03 sec)\n'})}),"\n",(0,a.jsxs)(e.ol,{children:["\n",(0,a.jsx)(e.li,{children:"extract a whole json array of name a1"}),"\n"]}),"\n",(0,a.jsx)(e.pre,{children:(0,a.jsx)(e.code,{children:'mysql> SELECT id, j, json_extract(j, \'$.a1\') FROM test_json ORDER BY id;\n+------+---------------------------------------------------------------+------------------------------------+\n| id   | j                                                             | json_extract(`j`, \'$.a1\')         |\n+------+---------------------------------------------------------------+------------------------------------+\n|    1 |                                                          NULL |                               NULL |\n|    2 |                                                          null |                               NULL |\n|    3 |                                                          true |                               NULL |\n|    4 |                                                         false |                               NULL |\n|    5 |                                                           100 |                               NULL |\n|    6 |                                                         10000 |                               NULL |\n|    7 |                                                    1000000000 |                               NULL |\n|    8 |                                           1152921504606846976 |                               NULL |\n|    9 |                                                          6.18 |                               NULL |\n|   10 |                                                        "abcd" |                               NULL |\n|   11 |                                                            {} |                               NULL |\n|   12 |                                         {"k1":"v31","k2":300} |                               NULL |\n|   13 |                                                            [] |                               NULL |\n|   14 |                                                     [123,456] |                               NULL |\n|   15 |                                                 ["abc","def"] |                               NULL |\n|   16 |                              [null,true,false,100,6.18,"abc"] |                               NULL |\n|   17 |                            [{"k1":"v41","k2":400},1,"a",3.14] |                               NULL |\n|   18 | {"k1":"v31","k2":300,"a1":[{"k1":"v41","k2":400},1,"a",3.14]} | [{"k1":"v41","k2":400},1,"a",3.14] |\n|   26 |                                          {"k1":"v1","k2":200} |                               NULL |\n+------+---------------------------------------------------------------+------------------------------------+\n19 rows in set (0.02 sec)\n'})}),"\n",(0,a.jsxs)(e.ol,{children:["\n",(0,a.jsx)(e.li,{children:"extract nested field from an object in an array"}),"\n"]}),"\n",(0,a.jsx)(e.pre,{children:(0,a.jsx)(e.code,{children:'mysql> SELECT id, j, json_extract(j, \'$.a1[0]\'), json_extract(j, \'$.a1[0].k1\') FROM test_json ORDER BY id;\n+------+---------------------------------------------------------------+-------------------------------+----------------------------------+\n| id   | j                                                             | json_extract(`j`, \'$.a1[0]\') | json_extract(`j`, \'$.a1[0].k1\') |\n+------+---------------------------------------------------------------+-------------------------------+----------------------------------+\n|    1 |                                                          NULL |                          NULL |                             NULL |\n|    2 |                                                          null |                          NULL |                             NULL |\n|    3 |                                                          true |                          NULL |                             NULL |\n|    4 |                                                         false |                          NULL |                             NULL |\n|    5 |                                                           100 |                          NULL |                             NULL |\n|    6 |                                                         10000 |                          NULL |                             NULL |\n|    7 |                                                    1000000000 |                          NULL |                             NULL |\n|    8 |                                           1152921504606846976 |                          NULL |                             NULL |\n|    9 |                                                          6.18 |                          NULL |                             NULL |\n|   10 |                                                        "abcd" |                          NULL |                             NULL |\n|   11 |                                                            {} |                          NULL |                             NULL |\n|   12 |                                         {"k1":"v31","k2":300} |                          NULL |                             NULL |\n|   13 |                                                            [] |                          NULL |                             NULL |\n|   14 |                                                     [123,456] |                          NULL |                             NULL |\n|   15 |                                                 ["abc","def"] |                          NULL |                             NULL |\n|   16 |                              [null,true,false,100,6.18,"abc"] |                          NULL |                             NULL |\n|   17 |                            [{"k1":"v41","k2":400},1,"a",3.14] |                          NULL |                             NULL |\n|   18 | {"k1":"v31","k2":300,"a1":[{"k1":"v41","k2":400},1,"a",3.14]} |         {"k1":"v41","k2":400} |                            "v41" |\n|   26 |                                          {"k1":"v1","k2":200} |                          NULL |                             NULL |\n+------+---------------------------------------------------------------+-------------------------------+----------------------------------+\n19 rows in set (0.02 sec)\n\n'})}),"\n",(0,a.jsxs)(e.ol,{children:["\n",(0,a.jsx)(e.li,{children:"extract field with specific datatype"}),"\n"]}),"\n",(0,a.jsxs)(e.ul,{children:["\n",(0,a.jsx)(e.li,{children:"json_extract_string will extract field with string type\uFF0Cconvert to string if the field is not string"}),"\n"]}),"\n",(0,a.jsx)(e.pre,{children:(0,a.jsx)(e.code,{children:'mysql> SELECT id, j, json_extract_string(j, \'$\') FROM test_json ORDER BY id;\n+------+---------------------------------------------------------------+---------------------------------------------------------------+\n| id   | j                                                             | json_extract_string(`j`, \'$\')                                |\n+------+---------------------------------------------------------------+---------------------------------------------------------------+\n|    1 | NULL                                                          | NULL                                                          |\n|    2 | null                                                          | null                                                          |\n|    3 | true                                                          | true                                                          |\n|    4 | false                                                         | false                                                         |\n|    5 | 100                                                           | 100                                                           |\n|    6 | 10000                                                         | 10000                                                         |\n|    7 | 1000000000                                                    | 1000000000                                                    |\n|    8 | 1152921504606846976                                           | 1152921504606846976                                           |\n|    9 | 6.18                                                          | 6.18                                                          |\n|   10 | "abcd"                                                        | abcd                                                          |\n|   11 | {}                                                            | {}                                                            |\n|   12 | {"k1":"v31","k2":300}                                         | {"k1":"v31","k2":300}                                         |\n|   13 | []                                                            | []                                                            |\n|   14 | [123,456]                                                     | [123,456]                                                     |\n|   15 | ["abc","def"]                                                 | ["abc","def"]                                                 |\n|   16 | [null,true,false,100,6.18,"abc"]                              | [null,true,false,100,6.18,"abc"]                              |\n|   17 | [{"k1":"v41","k2":400},1,"a",3.14]                            | [{"k1":"v41","k2":400},1,"a",3.14]                            |\n|   18 | {"k1":"v31","k2":300,"a1":[{"k1":"v41","k2":400},1,"a",3.14]} | {"k1":"v31","k2":300,"a1":[{"k1":"v41","k2":400},1,"a",3.14]} |\n|   26 | {"k1":"v1","k2":200}                                          | {"k1":"v1","k2":200}                                          |\n+------+---------------------------------------------------------------+---------------------------------------------------------------+\n19 rows in set (0.02 sec)\n\nmysql> SELECT id, j, json_extract_string(j, \'$.k1\') FROM test_json ORDER BY id;\n+------+---------------------------------------------------------------+-----------------------------------+\n| id   | j                                                             | json_extract_string(`j`, \'$.k1\') |\n+------+---------------------------------------------------------------+-----------------------------------+\n|    1 |                                                          NULL | NULL                              |\n|    2 |                                                          null | NULL                              |\n|    3 |                                                          true | NULL                              |\n|    4 |                                                         false | NULL                              |\n|    5 |                                                           100 | NULL                              |\n|    6 |                                                         10000 | NULL                              |\n|    7 |                                                    1000000000 | NULL                              |\n|    8 |                                           1152921504606846976 | NULL                              |\n|    9 |                                                          6.18 | NULL                              |\n|   10 |                                                        "abcd" | NULL                              |\n|   11 |                                                            {} | NULL                              |\n|   12 |                                         {"k1":"v31","k2":300} | v31                               |\n|   13 |                                                            [] | NULL                              |\n|   14 |                                                     [123,456] | NULL                              |\n|   15 |                                                 ["abc","def"] | NULL                              |\n|   16 |                              [null,true,false,100,6.18,"abc"] | NULL                              |\n|   17 |                            [{"k1":"v41","k2":400},1,"a",3.14] | NULL                              |\n|   18 | {"k1":"v31","k2":300,"a1":[{"k1":"v41","k2":400},1,"a",3.14]} | v31                               |\n|   26 |                                          {"k1":"v1","k2":200} | v1                                |\n+------+---------------------------------------------------------------+-----------------------------------+\n19 rows in set (0.03 sec)\n\n'})}),"\n",(0,a.jsxs)(e.ul,{children:["\n",(0,a.jsx)(e.li,{children:"json_extract_int will extract field with int type\uFF0Creturn NULL if the field is not int"}),"\n"]}),"\n",(0,a.jsx)(e.pre,{children:(0,a.jsx)(e.code,{children:'mysql> SELECT id, j, json_extract_int(j, \'$\') FROM test_json ORDER BY id;\n+------+---------------------------------------------------------------+-----------------------------+\n| id   | j                                                             | json_extract_int(`j`, \'$\') |\n+------+---------------------------------------------------------------+-----------------------------+\n|    1 |                                                          NULL |                        NULL |\n|    2 |                                                          null |                        NULL |\n|    3 |                                                          true |                        NULL |\n|    4 |                                                         false |                        NULL |\n|    5 |                                                           100 |                         100 |\n|    6 |                                                         10000 |                       10000 |\n|    7 |                                                    1000000000 |                  1000000000 |\n|    8 |                                           1152921504606846976 |                        NULL |\n|    9 |                                                          6.18 |                        NULL |\n|   10 |                                                        "abcd" |                        NULL |\n|   11 |                                                            {} |                        NULL |\n|   12 |                                         {"k1":"v31","k2":300} |                        NULL |\n|   13 |                                                            [] |                        NULL |\n|   14 |                                                     [123,456] |                        NULL |\n|   15 |                                                 ["abc","def"] |                        NULL |\n|   16 |                              [null,true,false,100,6.18,"abc"] |                        NULL |\n|   17 |                            [{"k1":"v41","k2":400},1,"a",3.14] |                        NULL |\n|   18 | {"k1":"v31","k2":300,"a1":[{"k1":"v41","k2":400},1,"a",3.14]} |                        NULL |\n|   26 |                                          {"k1":"v1","k2":200} |                        NULL |\n+------+---------------------------------------------------------------+-----------------------------+\n19 rows in set (0.02 sec)\n\nmysql> SELECT id, j, json_extract_int(j, \'$.k2\') FROM test_json ORDER BY id;\n+------+---------------------------------------------------------------+--------------------------------+\n| id   | j                                                             | json_extract_int(`j`, \'$.k2\') |\n+------+---------------------------------------------------------------+--------------------------------+\n|    1 |                                                          NULL |                           NULL |\n|    2 |                                                          null |                           NULL |\n|    3 |                                                          true |                           NULL |\n|    4 |                                                         false |                           NULL |\n|    5 |                                                           100 |                           NULL |\n|    6 |                                                         10000 |                           NULL |\n|    7 |                                                    1000000000 |                           NULL |\n|    8 |                                           1152921504606846976 |                           NULL |\n|    9 |                                                          6.18 |                           NULL |\n|   10 |                                                        "abcd" |                           NULL |\n|   11 |                                                            {} |                           NULL |\n|   12 |                                         {"k1":"v31","k2":300} |                            300 |\n|   13 |                                                            [] |                           NULL |\n|   14 |                                                     [123,456] |                           NULL |\n|   15 |                                                 ["abc","def"] |                           NULL |\n|   16 |                              [null,true,false,100,6.18,"abc"] |                           NULL |\n|   17 |                            [{"k1":"v41","k2":400},1,"a",3.14] |                           NULL |\n|   18 | {"k1":"v31","k2":300,"a1":[{"k1":"v41","k2":400},1,"a",3.14]} |                            300 |\n|   26 |                                          {"k1":"v1","k2":200} |                            200 |\n+------+---------------------------------------------------------------+--------------------------------+\n19 rows in set (0.03 sec)\n'})}),"\n",(0,a.jsxs)(e.ul,{children:["\n",(0,a.jsx)(e.li,{children:"json_extract_bigint will extract field with bigint type\uFF0Creturn NULL if the field is not bigint"}),"\n"]}),"\n",(0,a.jsx)(e.pre,{children:(0,a.jsx)(e.code,{children:'mysql> SELECT id, j, json_extract_bigint(j, \'$\') FROM test_json ORDER BY id;\n+------+---------------------------------------------------------------+--------------------------------+\n| id   | j                                                             | json_extract_bigint(`j`, \'$\') |\n+------+---------------------------------------------------------------+--------------------------------+\n|    1 |                                                          NULL |                           NULL |\n|    2 |                                                          null |                           NULL |\n|    3 |                                                          true |                           NULL |\n|    4 |                                                         false |                           NULL |\n|    5 |                                                           100 |                            100 |\n|    6 |                                                         10000 |                          10000 |\n|    7 |                                                    1000000000 |                     1000000000 |\n|    8 |                                           1152921504606846976 |            1152921504606846976 |\n|    9 |                                                          6.18 |                           NULL |\n|   10 |                                                        "abcd" |                           NULL |\n|   11 |                                                            {} |                           NULL |\n|   12 |                                         {"k1":"v31","k2":300} |                           NULL |\n|   13 |                                                            [] |                           NULL |\n|   14 |                                                     [123,456] |                           NULL |\n|   15 |                                                 ["abc","def"] |                           NULL |\n|   16 |                              [null,true,false,100,6.18,"abc"] |                           NULL |\n|   17 |                            [{"k1":"v41","k2":400},1,"a",3.14] |                           NULL |\n|   18 | {"k1":"v31","k2":300,"a1":[{"k1":"v41","k2":400},1,"a",3.14]} |                           NULL |\n|   26 |                                          {"k1":"v1","k2":200} |                           NULL |\n+------+---------------------------------------------------------------+--------------------------------+\n19 rows in set (0.03 sec)\n\nmysql> SELECT id, j, json_extract_bigint(j, \'$.k2\') FROM test_json ORDER BY id;\n+------+---------------------------------------------------------------+-----------------------------------+\n| id   | j                                                             | json_extract_bigint(`j`, \'$.k2\') |\n+------+---------------------------------------------------------------+-----------------------------------+\n|    1 |                                                          NULL |                              NULL |\n|    2 |                                                          null |                              NULL |\n|    3 |                                                          true |                              NULL |\n|    4 |                                                         false |                              NULL |\n|    5 |                                                           100 |                              NULL |\n|    6 |                                                         10000 |                              NULL |\n|    7 |                                                    1000000000 |                              NULL |\n|    8 |                                           1152921504606846976 |                              NULL |\n|    9 |                                                          6.18 |                              NULL |\n|   10 |                                                        "abcd" |                              NULL |\n|   11 |                                                            {} |                              NULL |\n|   12 |                                         {"k1":"v31","k2":300} |                               300 |\n|   13 |                                                            [] |                              NULL |\n|   14 |                                                     [123,456] |                              NULL |\n|   15 |                                                 ["abc","def"] |                              NULL |\n|   16 |                              [null,true,false,100,6.18,"abc"] |                              NULL |\n|   17 |                            [{"k1":"v41","k2":400},1,"a",3.14] |                              NULL |\n|   18 | {"k1":"v31","k2":300,"a1":[{"k1":"v41","k2":400},1,"a",3.14]} |                               300 |\n|   26 |                                          {"k1":"v1","k2":200} |                               200 |\n+------+---------------------------------------------------------------+-----------------------------------+\n19 rows in set (0.02 sec)\n\n'})}),"\n",(0,a.jsxs)(e.ul,{children:["\n",(0,a.jsx)(e.li,{children:"json_extract_double will extract field with double type\uFF0Creturn NULL if the field is not double"}),"\n"]}),"\n",(0,a.jsx)(e.pre,{children:(0,a.jsx)(e.code,{children:'mysql> SELECT id, j, json_extract_double(j, \'$\') FROM test_json ORDER BY id;\n+------+---------------------------------------------------------------+--------------------------------+\n| id   | j                                                             | json_extract_double(`j`, \'$\') |\n+------+---------------------------------------------------------------+--------------------------------+\n|    1 |                                                          NULL |                           NULL |\n|    2 |                                                          null |                           NULL |\n|    3 |                                                          true |                           NULL |\n|    4 |                                                         false |                           NULL |\n|    5 |                                                           100 |                            100 |\n|    6 |                                                         10000 |                          10000 |\n|    7 |                                                    1000000000 |                     1000000000 |\n|    8 |                                           1152921504606846976 |          1.152921504606847e+18 |\n|    9 |                                                          6.18 |                           6.18 |\n|   10 |                                                        "abcd" |                           NULL |\n|   11 |                                                            {} |                           NULL |\n|   12 |                                         {"k1":"v31","k2":300} |                           NULL |\n|   13 |                                                            [] |                           NULL |\n|   14 |                                                     [123,456] |                           NULL |\n|   15 |                                                 ["abc","def"] |                           NULL |\n|   16 |                              [null,true,false,100,6.18,"abc"] |                           NULL |\n|   17 |                            [{"k1":"v41","k2":400},1,"a",3.14] |                           NULL |\n|   18 | {"k1":"v31","k2":300,"a1":[{"k1":"v41","k2":400},1,"a",3.14]} |                           NULL |\n|   26 |                                          {"k1":"v1","k2":200} |                           NULL |\n+------+---------------------------------------------------------------+--------------------------------+\n19 rows in set (0.02 sec)\n\nmysql> SELECT id, j, json_extract_double(j, \'$.k2\') FROM test_json ORDER BY id;\n+------+---------------------------------------------------------------+-----------------------------------+\n| id   | j                                                             | json_extract_double(`j`, \'$.k2\') |\n+------+---------------------------------------------------------------+-----------------------------------+\n|    1 |                                                          NULL |                              NULL |\n|    2 |                                                          null |                              NULL |\n|    3 |                                                          true |                              NULL |\n|    4 |                                                         false |                              NULL |\n|    5 |                                                           100 |                              NULL |\n|    6 |                                                         10000 |                              NULL |\n|    7 |                                                    1000000000 |                              NULL |\n|    8 |                                           1152921504606846976 |                              NULL |\n|    9 |                                                          6.18 |                              NULL |\n|   10 |                                                        "abcd" |                              NULL |\n|   11 |                                                            {} |                              NULL |\n|   12 |                                         {"k1":"v31","k2":300} |                               300 |\n|   13 |                                                            [] |                              NULL |\n|   14 |                                                     [123,456] |                              NULL |\n|   15 |                                                 ["abc","def"] |                              NULL |\n|   16 |                              [null,true,false,100,6.18,"abc"] |                              NULL |\n|   17 |                            [{"k1":"v41","k2":400},1,"a",3.14] |                              NULL |\n|   18 | {"k1":"v31","k2":300,"a1":[{"k1":"v41","k2":400},1,"a",3.14]} |                               300 |\n|   26 |                                          {"k1":"v1","k2":200} |                               200 |\n+------+---------------------------------------------------------------+-----------------------------------+\n19 rows in set (0.03 sec)\n'})}),"\n",(0,a.jsxs)(e.ul,{children:["\n",(0,a.jsx)(e.li,{children:"json_extract_bool will extract field with boolean type\uFF0Creturn NULL if the field is not boolean"}),"\n"]}),"\n",(0,a.jsx)(e.pre,{children:(0,a.jsx)(e.code,{children:'mysql> SELECT id, j, json_extract_bool(j, \'$\') FROM test_json ORDER BY id;\n+------+---------------------------------------------------------------+------------------------------+\n| id   | j                                                             | json_extract_bool(`j`, \'$\') |\n+------+---------------------------------------------------------------+------------------------------+\n|    1 |                                                          NULL |                         NULL |\n|    2 |                                                          null |                         NULL |\n|    3 |                                                          true |                            1 |\n|    4 |                                                         false |                            0 |\n|    5 |                                                           100 |                         NULL |\n|    6 |                                                         10000 |                         NULL |\n|    7 |                                                    1000000000 |                         NULL |\n|    8 |                                           1152921504606846976 |                         NULL |\n|    9 |                                                          6.18 |                         NULL |\n|   10 |                                                        "abcd" |                         NULL |\n|   11 |                                                            {} |                         NULL |\n|   12 |                                         {"k1":"v31","k2":300} |                         NULL |\n|   13 |                                                            [] |                         NULL |\n|   14 |                                                     [123,456] |                         NULL |\n|   15 |                                                 ["abc","def"] |                         NULL |\n|   16 |                              [null,true,false,100,6.18,"abc"] |                         NULL |\n|   17 |                            [{"k1":"v41","k2":400},1,"a",3.14] |                         NULL |\n|   18 | {"k1":"v31","k2":300,"a1":[{"k1":"v41","k2":400},1,"a",3.14]} |                         NULL |\n|   26 |                                          {"k1":"v1","k2":200} |                         NULL |\n+------+---------------------------------------------------------------+------------------------------+\n19 rows in set (0.01 sec)\n\nmysql> SELECT id, j, json_extract_bool(j, \'$[1]\') FROM test_json ORDER BY id;\n+------+---------------------------------------------------------------+---------------------------------+\n| id   | j                                                             | json_extract_bool(`j`, \'$[1]\') |\n+------+---------------------------------------------------------------+---------------------------------+\n|    1 |                                                          NULL |                            NULL |\n|    2 |                                                          null |                            NULL |\n|    3 |                                                          true |                            NULL |\n|    4 |                                                         false |                            NULL |\n|    5 |                                                           100 |                            NULL |\n|    6 |                                                         10000 |                            NULL |\n|    7 |                                                    1000000000 |                            NULL |\n|    8 |                                           1152921504606846976 |                            NULL |\n|    9 |                                                          6.18 |                            NULL |\n|   10 |                                                        "abcd" |                            NULL |\n|   11 |                                                            {} |                            NULL |\n|   12 |                                         {"k1":"v31","k2":300} |                            NULL |\n|   13 |                                                            [] |                            NULL |\n|   14 |                                                     [123,456] |                            NULL |\n|   15 |                                                 ["abc","def"] |                            NULL |\n|   16 |                              [null,true,false,100,6.18,"abc"] |                               1 |\n|   17 |                            [{"k1":"v41","k2":400},1,"a",3.14] |                            NULL |\n|   18 | {"k1":"v31","k2":300,"a1":[{"k1":"v41","k2":400},1,"a",3.14]} |                            NULL |\n|   26 |                                          {"k1":"v1","k2":200} |                            NULL |\n+------+---------------------------------------------------------------+---------------------------------+\n19 rows in set (0.01 sec)\n'})}),"\n",(0,a.jsxs)(e.ul,{children:["\n",(0,a.jsx)(e.li,{children:"json_extract_isnull will extract field with json null type\uFF0Creturn 1 if the field is json null , else 0"}),"\n",(0,a.jsx)(e.li,{children:"json null is different from SQL NULL. SQL NULL stands for no value for a field, but json null stands for an field with special value null."}),"\n"]}),"\n",(0,a.jsx)(e.pre,{children:(0,a.jsx)(e.code,{children:'mysql> SELECT id, j, json_extract_isnull(j, \'$\') FROM test_json ORDER BY id;\n+------+---------------------------------------------------------------+--------------------------------+\n| id   | j                                                             | json_extract_isnull(`j`, \'$\') |\n+------+---------------------------------------------------------------+--------------------------------+\n|    1 |                                                          NULL |                           NULL |\n|    2 |                                                          null |                              1 |\n|    3 |                                                          true |                              0 |\n|    4 |                                                         false |                              0 |\n|    5 |                                                           100 |                              0 |\n|    6 |                                                         10000 |                              0 |\n|    7 |                                                    1000000000 |                              0 |\n|    8 |                                           1152921504606846976 |                              0 |\n|    9 |                                                          6.18 |                              0 |\n|   10 |                                                        "abcd" |                              0 |\n|   11 |                                                            {} |                              0 |\n|   12 |                                         {"k1":"v31","k2":300} |                              0 |\n|   13 |                                                            [] |                              0 |\n|   14 |                                                     [123,456] |                              0 |\n|   15 |                                                 ["abc","def"] |                              0 |\n|   16 |                              [null,true,false,100,6.18,"abc"] |                              0 |\n|   17 |                            [{"k1":"v41","k2":400},1,"a",3.14] |                              0 |\n|   18 | {"k1":"v31","k2":300,"a1":[{"k1":"v41","k2":400},1,"a",3.14]} |                              0 |\n|   26 |                                          {"k1":"v1","k2":200} |                              0 |\n+------+---------------------------------------------------------------+--------------------------------+\n19 rows in set (0.03 sec)\n\n'})}),"\n",(0,a.jsx)(e.h5,{id:"check-if-a-field-is-existed-in-json-by-json_exists_path",children:"check if a field is existed in json by json_exists_path"}),"\n",(0,a.jsx)(e.pre,{children:(0,a.jsx)(e.code,{children:'mysql> SELECT id, j, json_exists_path(j, \'$\') FROM test_json ORDER BY id;\n+------+---------------------------------------------------------------+-----------------------------+\n| id   | j                                                             | json_exists_path(`j`, \'$\') |\n+------+---------------------------------------------------------------+-----------------------------+\n|    1 |                                                          NULL |                        NULL |\n|    2 |                                                          null |                           1 |\n|    3 |                                                          true |                           1 |\n|    4 |                                                         false |                           1 |\n|    5 |                                                           100 |                           1 |\n|    6 |                                                         10000 |                           1 |\n|    7 |                                                    1000000000 |                           1 |\n|    8 |                                           1152921504606846976 |                           1 |\n|    9 |                                                          6.18 |                           1 |\n|   10 |                                                        "abcd" |                           1 |\n|   11 |                                                            {} |                           1 |\n|   12 |                                         {"k1":"v31","k2":300} |                           1 |\n|   13 |                                                            [] |                           1 |\n|   14 |                                                     [123,456] |                           1 |\n|   15 |                                                 ["abc","def"] |                           1 |\n|   16 |                              [null,true,false,100,6.18,"abc"] |                           1 |\n|   17 |                            [{"k1":"v41","k2":400},1,"a",3.14] |                           1 |\n|   18 | {"k1":"v31","k2":300,"a1":[{"k1":"v41","k2":400},1,"a",3.14]} |                           1 |\n|   26 |                                          {"k1":"v1","k2":200} |                           1 |\n+------+---------------------------------------------------------------+-----------------------------+\n19 rows in set (0.02 sec)\n\nmysql> SELECT id, j, json_exists_path(j, \'$.k1\') FROM test_json ORDER BY id;\n+------+---------------------------------------------------------------+--------------------------------+\n| id   | j                                                             | json_exists_path(`j`, \'$.k1\') |\n+------+---------------------------------------------------------------+--------------------------------+\n|    1 |                                                          NULL |                           NULL |\n|    2 |                                                          null |                              0 |\n|    3 |                                                          true |                              0 |\n|    4 |                                                         false |                              0 |\n|    5 |                                                           100 |                              0 |\n|    6 |                                                         10000 |                              0 |\n|    7 |                                                    1000000000 |                              0 |\n|    8 |                                           1152921504606846976 |                              0 |\n|    9 |                                                          6.18 |                              0 |\n|   10 |                                                        "abcd" |                              0 |\n|   11 |                                                            {} |                              0 |\n|   12 |                                         {"k1":"v31","k2":300} |                              1 |\n|   13 |                                                            [] |                              0 |\n|   14 |                                                     [123,456] |                              0 |\n|   15 |                                                 ["abc","def"] |                              0 |\n|   16 |                              [null,true,false,100,6.18,"abc"] |                              0 |\n|   17 |                            [{"k1":"v41","k2":400},1,"a",3.14] |                              0 |\n|   18 | {"k1":"v31","k2":300,"a1":[{"k1":"v41","k2":400},1,"a",3.14]} |                              1 |\n|   26 |                                          {"k1":"v1","k2":200} |                              1 |\n+------+---------------------------------------------------------------+--------------------------------+\n19 rows in set (0.03 sec)\n\nmysql> SELECT id, j, json_exists_path(j, \'$[2]\') FROM test_json ORDER BY id;\n+------+---------------------------------------------------------------+--------------------------------+\n| id   | j                                                             | json_exists_path(`j`, \'$[2]\') |\n+------+---------------------------------------------------------------+--------------------------------+\n|    1 |                                                          NULL |                           NULL |\n|    2 |                                                          null |                              0 |\n|    3 |                                                          true |                              0 |\n|    4 |                                                         false |                              0 |\n|    5 |                                                           100 |                              0 |\n|    6 |                                                         10000 |                              0 |\n|    7 |                                                    1000000000 |                              0 |\n|    8 |                                           1152921504606846976 |                              0 |\n|    9 |                                                          6.18 |                              0 |\n|   10 |                                                        "abcd" |                              0 |\n|   11 |                                                            {} |                              0 |\n|   12 |                                         {"k1":"v31","k2":300} |                              0 |\n|   13 |                                                            [] |                              0 |\n|   14 |                                                     [123,456] |                              0 |\n|   15 |                                                 ["abc","def"] |                              0 |\n|   16 |                              [null,true,false,100,6.18,"abc"] |                              1 |\n|   17 |                            [{"k1":"v41","k2":400},1,"a",3.14] |                              1 |\n|   18 | {"k1":"v31","k2":300,"a1":[{"k1":"v41","k2":400},1,"a",3.14]} |                              0 |\n|   26 |                                          {"k1":"v1","k2":200} |                              0 |\n+------+---------------------------------------------------------------+--------------------------------+\n19 rows in set (0.02 sec)\n\n\n'})}),"\n",(0,a.jsx)(e.h5,{id:"get-the-datatype-of-a-field-in-json-by-json_type",children:"get the datatype of a field in json by json_type"}),"\n",(0,a.jsxs)(e.ul,{children:["\n",(0,a.jsx)(e.li,{children:"return the data type of the field specified by json path, NULL if not existed."}),"\n"]}),"\n",(0,a.jsx)(e.pre,{children:(0,a.jsx)(e.code,{children:'mysql> SELECT id, j, json_type(j, \'$\') FROM test_json ORDER BY id;\n+------+---------------------------------------------------------------+----------------------+\n| id   | j                                                             | json_type(`j`, \'$\') |\n+------+---------------------------------------------------------------+----------------------+\n|    1 |                                                          NULL | NULL                 |\n|    2 |                                                          null | null                 |\n|    3 |                                                          true | bool                 |\n|    4 |                                                         false | bool                 |\n|    5 |                                                           100 | int                  |\n|    6 |                                                         10000 | int                  |\n|    7 |                                                    1000000000 | int                  |\n|    8 |                                           1152921504606846976 | bigint               |\n|    9 |                                                          6.18 | double               |\n|   10 |                                                        "abcd" | string               |\n|   11 |                                                            {} | object               |\n|   12 |                                         {"k1":"v31","k2":300} | object               |\n|   13 |                                                            [] | array                |\n|   14 |                                                     [123,456] | array                |\n|   15 |                                                 ["abc","def"] | array                |\n|   16 |                              [null,true,false,100,6.18,"abc"] | array                |\n|   17 |                            [{"k1":"v41","k2":400},1,"a",3.14] | array                |\n|   18 | {"k1":"v31","k2":300,"a1":[{"k1":"v41","k2":400},1,"a",3.14]} | object               |\n|   26 |                                          {"k1":"v1","k2":200} | object               |\n+------+---------------------------------------------------------------+----------------------+\n19 rows in set (0.02 sec)\n\nmysql> select id, j, json_type(j, \'$.k1\') from test_json order by id;\n+------+---------------------------------------------------------------+-------------------------+\n| id   | j                                                             | json_type(`j`, \'$.k1\') |\n+------+---------------------------------------------------------------+-------------------------+\n|    1 |                                                          NULL | NULL                    |\n|    2 |                                                          null | NULL                    |\n|    3 |                                                          true | NULL                    |\n|    4 |                                                         false | NULL                    |\n|    5 |                                                           100 | NULL                    |\n|    6 |                                                         10000 | NULL                    |\n|    7 |                                                    1000000000 | NULL                    |\n|    8 |                                           1152921504606846976 | NULL                    |\n|    9 |                                                          6.18 | NULL                    |\n|   10 |                                                        "abcd" | NULL                    |\n|   11 |                                                            {} | NULL                    |\n|   12 |                                         {"k1":"v31","k2":300} | string                  |\n|   13 |                                                            [] | NULL                    |\n|   14 |                                                     [123,456] | NULL                    |\n|   15 |                                                 ["abc","def"] | NULL                    |\n|   16 |                              [null,true,false,100,6.18,"abc"] | NULL                    |\n|   17 |                            [{"k1":"v41","k2":400},1,"a",3.14] | NULL                    |\n|   18 | {"k1":"v31","k2":300,"a1":[{"k1":"v41","k2":400},1,"a",3.14]} | string                  |\n|   26 |                                          {"k1":"v1","k2":200} | string                  |\n+------+---------------------------------------------------------------+-------------------------+\n19 rows in set (0.03 sec)\n\n'})}),"\n",(0,a.jsx)(e.h3,{id:"faq",children:"FAQ"}),"\n",(0,a.jsxs)(e.ol,{children:["\n",(0,a.jsx)(e.li,{children:"Is there a difference between null in JSON and NULL in SQL (i.e., IS NULL)?"}),"\n"]}),"\n",(0,a.jsx)(e.p,{children:'Yes, there is a difference. In JSON, null (e.g., {"key1": null}) means that the key key1 exists and its value is explicitly null. This is a special type that gets encoded into JSON binary.'}),"\n",(0,a.jsx)(e.p,{children:"In contrast, SQL NULL (when using IS NULL) can indicate that the key doesn\u2019t exist at all in the JSON object."}),"\n",(0,a.jsx)(e.p,{children:"For example:"}),"\n",(0,a.jsx)(e.pre,{children:(0,a.jsx)(e.code,{className:"language-sql",children:'mysql> SELECT JSON_EXTRACT_STRING(\'{"key1" : null}\', "$.key1") IS NULL;\n+----------------------------------------------------------+\n| JSON_EXTRACT_STRING(\'{"key1" : null}\', "$.key1") IS NULL |\n+----------------------------------------------------------+\n|                                                        0 |\n+----------------------------------------------------------+\n1 row in set (0.00 sec)\n\nmysql> SELECT JSON_EXTRACT_STRING(\'{"key1" : null}\', "$.key_not_exist") IS NULL;\n+-------------------------------------------------------------------+\n| JSON_EXTRACT_STRING(\'{"key1" : null}\', "$.key_not_exist") IS NULL |\n+-------------------------------------------------------------------+\n|                                                                 1 |\n+-------------------------------------------------------------------+\n1 row in set (0.01 sec)\n'})}),"\n",(0,a.jsxs)(e.ol,{start:"2",children:["\n",(0,a.jsxs)(e.li,{children:["What\u2019s the difference between ",(0,a.jsx)(e.code,{children:"GET_JSON_XXX"})," and ",(0,a.jsx)(e.code,{children:"JSON_EXTRACT_XXX"})," functions, and how should I choose between them?"]}),"\n"]}),"\n",(0,a.jsxs)(e.p,{children:["The ",(0,a.jsx)(e.code,{children:"GET_JSON_XXX"})," functions are designed for use on string types \u2014 they extract values directly from raw JSON strings. On the other hand, ",(0,a.jsx)(e.code,{children:"JSON_EXTRACT_XXX"})," functions are implemented specifically for the JSON data type and are optimized for it."]}),"\n",(0,a.jsx)(e.h3,{id:"keywords",children:"keywords"}),"\n",(0,a.jsx)(e.p,{children:"JSONB, JSON, json_parse, json_parse_error_to_null, json_parse_error_to_value, json_extract, json_extract_isnull, json_extract_bool, json_extract_int, json_extract_bigint, json_extract_double, json_extract_string, json_exists_path, json_type"})]})}function c(n={}){let{wrapper:e}={...(0,l.a)(),...n.components};return e?(0,a.jsx)(e,{...n,children:(0,a.jsx)(o,{...n})}):o(n)}},250065:function(n,e,s){s.d(e,{Z:function(){return r},a:function(){return i}});var t=s(667294);let a={},l=t.createContext(a);function i(n){let e=t.useContext(l);return t.useMemo(function(){return"function"==typeof n?n(e):{...e,...n}},[e,n])}function r(n){let e;return e=n.disableParentContext?"function"==typeof n.components?n.components(a):n.components||a:i(n.components),t.createElement(l.Provider,{value:e},n.children)}}}]);