---
{
    "title": "Auto-Increment Column",
    "language": "en"
}
---

<!-- 
Licensed to the Apache Software Foundation (ASF) under one
or more contributor license agreements.  See the NOTICE file
distributed with this work for additional information
regarding copyright ownership.  The ASF licenses this file
to you under the Apache License, Version 2.0 (the
"License"); you may not use this file except in compliance
with the License.  You may obtain a copy of the License at

  http://www.apache.org/licenses/LICENSE-2.0

Unless required by applicable law or agreed to in writing,
software distributed under the License is distributed on an
"AS IS" BASIS, WITHOUT WARRANTIES OR CONDITIONS OF ANY
KIND, either express or implied.  See the License for the
specific language governing permissions and limitations
under the License.
-->

When writing data, Doris automatically assigns unique values to rows that do not have specified values in the **auto-increment column**.

---

## Functionality

For tables with an auto-increment column, Doris processes data writes as follows:

- **Auto-Population (Column Excluded)**:
  If the written data does not include the auto-increment column, Doris generates and populates unique values for this column.

- **Partial Specification (Column Included)**:

  - **Null Values**: Doris replaces null values in the written data with system-generated unique values.

  - **Non-Null Values**: User-provided values remain unchanged.
  
  :::caution Attention
  User-provided non-null values can disrupt the uniqueness of the auto-increment column.
  :::
  
---

### Uniqueness

Doris guarantees **table-wide uniqueness** for values it generates in the auto-increment column. However:

- **Guaranteed Uniqueness**: This applies only to system-generated values.
- **User-Provided Values**: Doris does not validate or enforce uniqueness for values specified by users in the auto-increment column. This may result in duplicate entries.

---

### Density

Auto-increment values generated by Doris are generally **dense** but with some considerations:

- **Potential Gaps**: Gaps may appear due to performance optimizations. Each backend node (BE) pre-allocates a block of unique values for efficiency, and these blocks do not overlap between nodes.
- **Non-Chronological Values**: Doris does not guarantee that values generated in later writes are larger than those from earlier writes.

  :::info Note
  Auto-increment values cannot be used to infer the chronological order of writes.
  :::
  
---

## Syntax

To use auto-increment columns, you need to add the `AUTO_INCREMENT` attribute to the corresponding column during table creation ([CREATE-TABLE](../sql-manual/sql-statements/Data-Definition-Statements/Create/CREATE-TABLE)). To manually specify the starting value for an auto-increment column, you can do so by using the `AUTO_INCREMENT(start_value)` statement when creating the table. If not specified, the default starting value is 1.

### Examples

1. Creating a duplicate table with an auto-increment column as the key column.

  ```sql
  CREATE TABLE `demo`.`tbl` (
          `id` BIGINT NOT NULL AUTO_INCREMENT,
          `value` BIGINT NOT NULL
  ) ENGINE=OLAP
  DUPLICATE KEY(`id`)
  DISTRIBUTED BY HASH(`id`) BUCKETS 10
  PROPERTIES (
  "replication_allocation" = "tag.location.default: 3"
  );

2. Creating a duplicate table with an auto-increment column as the key column, and setting the starting value to 100.

  ```sql
  CREATE TABLE `demo`.`tbl` (
        `id` BIGINT NOT NULL AUTO_INCREMENT(100),
        `value` BIGINT NOT NULL
  ) ENGINE=OLAP
  DUPLICATE KEY(`id`)
  DISTRIBUTED BY HASH(`id`) BUCKETS 10
  PROPERTIES (
  "replication_allocation" = "tag.location.default: 3"
  );
  ```

3. Creating a duplicate table with an auto-increment column as one of the value columns.

  ```sql
  CREATE TABLE `demo`.`tbl` (
      `uid` BIGINT NOT NULL,
      `name` BIGINT NOT NULL,
      `id` BIGINT NOT NULL AUTO_INCREMENT,
      `value` BIGINT NOT NULL
  ) ENGINE=OLAP
  DUPLICATE KEY(`uid`, `name`)
  DISTRIBUTED BY HASH(`uid`) BUCKETS 10
  PROPERTIES (
  "replication_allocation" = "tag.location.default: 3"
  );
  ```

4. Creating a unique table with an auto-increment column as the key column.

  ```sql
  CREATE TABLE `demo`.`tbl` (
        `id` BIGINT NOT NULL AUTO_INCREMENT,
        `name` varchar(65533) NOT NULL,
        `value` int(11) NOT NULL
  ) ENGINE=OLAP
  UNIQUE KEY(`id`)
  DISTRIBUTED BY HASH(`id`) BUCKETS 10
  PROPERTIES (
  "replication_allocation" = "tag.location.default: 3",
  "enable_unique_key_merge_on_write" = "true"
  );
  ```

5. Creating a unique table with an auto-increment column as one of the value columns.

  ```sql
  CREATE TABLE `demo`.`tbl` (
        `text` varchar(65533) NOT NULL,
        `id` BIGINT NOT NULL AUTO_INCREMENT,
  ) ENGINE=OLAP
  UNIQUE KEY(`text`)
  DISTRIBUTED BY HASH(`text`) BUCKETS 10
  PROPERTIES (
  "replication_allocation" = "tag.location.default: 3",
  "enable_unique_key_merge_on_write" = "true"
  );
  ```

### Constraints and Limitations

- Auto-increment columns can only be used in Duplicate or Unique model tables.
- A table can have only one auto-increment column.
- The auto-increment column must be of type `BIGINT` and cannot be `NULL`.
- The manually specified starting value for an auto-increment column must be 0 or greater.

## Usage

### Loading

Consider the table below:

```sql
CREATE TABLE `demo`.`tbl` (
    `id` BIGINT NOT NULL AUTO_INCREMENT,
    `name` varchar(65533) NOT NULL,
    `value` int(11) NOT NULL
) ENGINE=OLAP
UNIQUE KEY(`id`)
DISTRIBUTED BY HASH(`id`) BUCKETS 10
PROPERTIES (
"replication_allocation" = "tag.location.default: 3",
"enable_unique_key_merge_on_write" = "true"
);
```

When using the insert into statement to write data without including the auto-increment column `id`,  Doris automatically generates and fills unique values for the column.

```sql
mysql> insert into tbl(name, value) values("Bob", 10), ("Alice", 20), ("Jack", 30);
Query OK, 3 rows affected (0.09 sec)
{'label':'label_183babcb84ad4023_a2d6266ab73fb5aa', 'status':'VISIBLE', 'txnId':'7'}

mysql> select * from tbl order by id;
+------+-------+-------+
| id   | name  | value |
+------+-------+-------+
|    1 | Bob   |    10 |
|    2 | Alice |    20 |
|    3 | Jack  |    30 |
+------+-------+-------+
3 rows in set (0.05 sec)
```

Similarly, when using stream load to load the file `test.csv` without specifying the auto-increment column `id`, Doris will automatically populate the `id` column with generated values.

test.csv:
```
Tom, 40
John, 50
```

```
curl --location-trusted -u user:passwd -H "columns:name,value" -H "column_separator:," -T ./test1.csv http://{host}:{port}/api/{db}/tbl/_stream_load
```

```sql
mysql> select * from tbl order by id;
+------+-------+-------+
| id   | name  | value |
+------+-------+-------+
|    1 | Bob   |    10 |
|    2 | Alice |    20 |
|    3 | Jack  |    30 |
|    4 | Tom   |    40 |
|    5 | John  |    50 |
+------+-------+-------+
5 rows in set (0.04 sec)
```
When writing data using the `INSERT INTO` statement and specifying the auto-increment column `id`, any null values in the written data for that column will be replaced with generated values.

```sql
mysql> insert into tbl(id, name, value) values(null, "Doris", 60), (null, "Nereids", 70);
Query OK, 2 rows affected (0.07 sec)
{'label':'label_9cb0c01db1a0402c_a2b8b44c11ce4703', 'status':'VISIBLE', 'txnId':'10'}

mysql> select * from tbl order by id;
+------+---------+-------+
| id   | name    | value |
+------+---------+-------+
|    1 | Bob     |    10 |
|    2 | Alice   |    20 |
|    3 | Jack    |    30 |
|    4 | Tom     |    40 |
|    5 | John    |    50 |
|    6 | Doris   |    60 |
|    7 | Nereids |    70 |
+------+---------+-------+
7 rows in set (0.04 sec)
```

### Partial Update

When performing a partial update on a merge-on-write Unique table with an auto-increment column:

If the auto-increment column is a key column, users must explicitly specify it during partial updates. As a result, the target columns for partial updates must include the auto-increment column. In this case, the behavior aligns with that of standard partial updates.

```sql
mysql> CREATE TABLE `demo`.`tbl2` (
    ->     `id` BIGINT NOT NULL AUTO_INCREMENT,
    ->     `name` varchar(65533) NOT NULL,
    ->     `value` int(11) NOT NULL DEFAULT "0"
    -> ) ENGINE=OLAP
    -> UNIQUE KEY(`id`)
    -> DISTRIBUTED BY HASH(`id`) BUCKETS 10
    -> PROPERTIES (
    -> "replication_allocation" = "tag.location.default: 3",
    -> "enable_unique_key_merge_on_write" = "true"
    -> );
Query OK, 0 rows affected (0.03 sec)

mysql> insert into tbl2(id, name, value) values(1, "Bob", 10), (2, "Alice", 20), (3, "Jack", 30);
Query OK, 3 rows affected (0.14 sec)
{'label':'label_5538549c866240b6_bce75ef323ac22a0', 'status':'VISIBLE', 'txnId':'1004'}

mysql> select * from tbl2 order by id;
+------+-------+-------+
| id   | name  | value |
+------+-------+-------+
|    1 | Bob   |    10 |
|    2 | Alice |    20 |
|    3 | Jack  |    30 |
+------+-------+-------+
3 rows in set (0.08 sec)

mysql> set enable_unique_key_partial_update=true;
Query OK, 0 rows affected (0.01 sec)

mysql> set enable_insert_strict=false;
Query OK, 0 rows affected (0.00 sec)

mysql> insert into tbl2(id, name) values(1, "modified"), (4, "added");
Query OK, 2 rows affected (0.06 sec)
{'label':'label_3e68324cfd87457d_a6166cc0a878cfdc', 'status':'VISIBLE', 'txnId':'1005'}

mysql> select * from tbl2 order by id;
+------+----------+-------+
| id   | name     | value |
+------+----------+-------+
|    1 | modified |    10 |
|    2 | Alice    |    20 |
|    3 | Jack     |    30 |
|    4 | added    |     0 |
+------+----------+-------+
4 rows in set (0.04 sec)
```

When the auto-increment column is a non-key column and no value is provided, its value will be derived from existing rows in the table. If a value is specified for the auto-increment column, null values in the written data will be replaced with generated values, while non-null values will remain unchanged. These records will then be processed according to the semantics of partial updates.

```sql
mysql> CREATE TABLE `demo`.`tbl3` (
    ->     `id` BIGINT NOT NULL,
    ->     `name` varchar(100) NOT NULL,
    ->     `score` BIGINT NOT NULL,
    ->     `aid` BIGINT NOT NULL AUTO_INCREMENT
    -> ) ENGINE=OLAP
    -> UNIQUE KEY(`id`)
    -> DISTRIBUTED BY HASH(`id`) BUCKETS 1
    -> PROPERTIES (
    -> "replication_allocation" = "tag.location.default: 3",
    -> "enable_unique_key_merge_on_write" = "true"
    -> );
Query OK, 0 rows affected (0.16 sec)

mysql> insert into tbl3(id, name, score) values(1, "Doris", 100), (2, "Nereids", 200), (3, "Bob", 300);
Query OK, 3 rows affected (0.28 sec)
{'label':'label_c52b2c246e244dda_9b91ee5e27a31f9b', 'status':'VISIBLE', 'txnId':'2003'}

mysql> select * from tbl3 order by id;
+------+---------+-------+------+
| id   | name    | score | aid  |
+------+---------+-------+------+
|    1 | Doris   |   100 |    0 |
|    2 | Nereids |   200 |    1 |
|    3 | Bob     |   300 |    2 |
+------+---------+-------+------+
3 rows in set (0.13 sec)

mysql> set enable_unique_key_partial_update=true;
Query OK, 0 rows affected (0.00 sec)

mysql> set enable_insert_strict=false;
Query OK, 0 rows affected (0.00 sec)

mysql> insert into tbl3(id, score) values(1, 999), (2, 888);
Query OK, 2 rows affected (0.07 sec)
{'label':'label_dfec927d7a4343ca_9f9ade581391de97', 'status':'VISIBLE', 'txnId':'2004'}

mysql> select * from tbl3 order by id;
+------+---------+-------+------+
| id   | name    | score | aid  |
+------+---------+-------+------+
|    1 | Doris   |   999 |    0 |
|    2 | Nereids |   888 |    1 |
|    3 | Bob     |   300 |    2 |
+------+---------+-------+------+
3 rows in set (0.06 sec)

mysql> insert into tbl3(id, aid) values(1, 1000), (3, 500);
Query OK, 2 rows affected (0.07 sec)
{'label':'label_b26012959f714f60_abe23c87a06aa0bf', 'status':'VISIBLE', 'txnId':'2005'}

mysql> select * from tbl3 order by id;
+------+---------+-------+------+
| id   | name    | score | aid  |
+------+---------+-------+------+
|    1 | Doris   |   999 | 1000 |
|    2 | Nereids |   888 |    1 |
|    3 | Bob     |   300 |  500 |
+------+---------+-------+------+
3 rows in set (0.06 sec)
```

## Usage Scenarios

### Dictionary Encoding

Using bitmaps for audience analysis in user profiling involves creating a user dictionary, where each user is assigned a unique integer as their dictionary value. Aggregating these dictionary values can improve the performance of bitmap operations.

For example, in an offline UV (Unique Visitors) and PV (Page Views) analysis scenario, consider a detailed user behavior table:


```sql
CREATE TABLE `demo`.`dwd_dup_tbl` (
    `user_id` varchar(50) NOT NULL,
    `dim1` varchar(50) NOT NULL,
    `dim2` varchar(50) NOT NULL,
    `dim3` varchar(50) NOT NULL,
    `dim4` varchar(50) NOT NULL,
    `dim5` varchar(50) NOT NULL,
    `visit_time` DATE NOT NULL
) ENGINE=OLAP
DUPLICATE KEY(`user_id`)
DISTRIBUTED BY HASH(`user_id`) BUCKETS 32
PROPERTIES (
"replication_allocation" = "tag.location.default: 3"
);
```

Using the auto-increment column to create the following dictionary table:

```sql
CREATE TABLE `demo`.`dictionary_tbl` (
    `user_id` varchar(50) NOT NULL,
    `aid` BIGINT NOT NULL AUTO_INCREMENT
) ENGINE=OLAP
UNIQUE KEY(`user_id`)
DISTRIBUTED BY HASH(`user_id`) BUCKETS 32
PROPERTIES (
"replication_allocation" = "tag.location.default: 3",
"enable_unique_key_merge_on_write" = "true"
);
```

Write the `user_id` values from existing data into the dictionary table to map `user_id` to corresponding integer values:

```sql
insert into dictionary_tbl(user_id)
select user_id from dwd_dup_tbl group by user_id;
```

Alternatively, write only the `user_id` values from incremental data into the dictionary table.

```sql
insert into dictionary_tbl(user_id)
select dwd_dup_tbl.user_id from dwd_dup_tbl left join dictionary_tbl
on dwd_dup_tbl.user_id = dictionary_tbl.user_id where dwd_dup_tbl.visit_time > '2023-12-10' and dictionary_tbl.user_id is NULL;
```

In practical applications, Flink connectors can be used to write data into Doris.

To store aggregated results for the statistical dimensions `dim1`, `dim3`, and `dim5`, create the following table:

```sql
CREATE TABLE `demo`.`dws_agg_tbl` (
    `dim1` varchar(50) NOT NULL,
    `dim3` varchar(50) NOT NULL,
    `dim5` varchar(50) NOT NULL,
    `user_id_bitmap` BITMAP BITMAP_UNION NOT NULL,
    `pv` BIGINT SUM NOT NULL 
) ENGINE=OLAP
AGGREGATE KEY(`dim1`,`dim3`,`dim5`)
DISTRIBUTED BY HASH(`user_id`) BUCKETS 32
PROPERTIES (
"replication_allocation" = "tag.location.default: 3"
);
```

Save the aggregated data into the results table.

```sql
insert into dws_agg_tbl
select dwd_dup_tbl.dim1, dwd_dup_tbl.dim3, dwd_dup_tbl.dim5, BITMAP_UNION(TO_BITMAP(dictionary_tbl.aid)), COUNT(1)
from dwd_dup_tbl INNER JOIN dictionary_tbl on dwd_dup_tbl.user_id = dictionary_tbl.user_id;
```

Execute UV and PV queries with the following statement:

```sql
select dim1, dim3, dim5, user_id_bitmap as uv, pv from dws_agg_tbl;
```

### Efficient Pagination

Pagination is often required when displaying data on a page. Traditional pagination usually involves using `LIMIT`, `OFFSET`, and `ORDER BY` in SQL queries. For example, consider the following business table designed for display:

```sql
CREATE TABLE `demo`.`records_tbl` (
    `key` int(11) NOT NULL COMMENT "",
    `name` varchar(26) NOT NULL COMMENT "",
    `address` varchar(41) NOT NULL COMMENT "",
    `city` varchar(11) NOT NULL COMMENT "",
    `nation` varchar(16) NOT NULL COMMENT "",
    `region` varchar(13) NOT NULL COMMENT "",
    `phone` varchar(16) NOT NULL COMMENT "",
    `mktsegment` varchar(11) NOT NULL COMMENT ""
) DUPLICATE KEY (`key`, `name`)
DISTRIBUTED BY HASH(`key`) BUCKETS 10
PROPERTIES (
"replication_allocation" = "tag.location.default: 3"
);
```

Assuming 100 records are displayed per page, the following SQL query can be used to fetch data for the first page:

```sql
select * from records_tbl order by `key`, `name` limit 100;
```

To fetch data for the second page, you can use the following query:

```sql
select * from records_tbl order by `key`, `name` limit 100 offset 100;
```

However, when performing deep pagination queries (with large offsets), this method can be inefficient, as it reads all data into memory for sorting before processing, even if only a small number of rows are needed. By using an auto-increment column, each row is assigned a unique value, enabling the use of a query like `WHERE unique_value > x LIMIT y` to filter out a large portion of the data in advance, making pagination more efficient.

To illustrate this, an auto-increment column is added to the business table, giving each row a unique identifier:

```sql
CREATE TABLE `demo`.`records_tbl2` (
    `key` int(11) NOT NULL COMMENT "",
    `name` varchar(26) NOT NULL COMMENT "",
    `address` varchar(41) NOT NULL COMMENT "",
    `city` varchar(11) NOT NULL COMMENT "",
    `nation` varchar(16) NOT NULL COMMENT "",
    `region` varchar(13) NOT NULL COMMENT "",
    `phone` varchar(16) NOT NULL COMMENT "",
    `mktsegment` varchar(11) NOT NULL COMMENT "",
    `unique_value` BIGINT NOT NULL AUTO_INCREMENT
) DUPLICATE KEY (`key`, `name`)
DISTRIBUTED BY HASH(`key`) BUCKETS 10
PROPERTIES (
    "replication_num" = "3"
);
```

For pagination with 100 records per page, the following SQL query can be used to fetch the data for the first page:

```sql
select * from records_tbl2 order by unique_value limit 100;
```

By recording the maximum value of `unique_value` from the returned results, let's assume it is 99. The following query can then be used to fetch data for the second page:

```sql
select * from records_tbl2 where unique_value > 99 order by unique_value limit 100;
```

If directly querying data from a later page and it's inconvenient to retrieve the maximum value of `unique_value` from the previous page's results (for example, when fetching data starting from the 101st page), the following query can be used:

```sql
select key, name, address, city, nation, region, phone, mktsegment
from records_tbl2, (select unique_value as max_value from records_tbl2 order by unique_value limit 1 offset 9999) as previous_data
where records_tbl2.unique_value > previous_data.max_value
order by records_tbl2.unique_value limit 100;
```
