---
{
    "title": "ARRAY_FLATTEN",
    "language": "zh-CN"
}
---

## 描述

将多维数组展平成一维。

## 语法

```sql
array_flatten(<a>)
```

## 参数

| 参数 | 说明 |
| -- | -- |
| `<a>` | 需要被展平的数组|

## 返回值

被展平的结果。

## 举例

```sql
mysql> select array_flatten([[1,2,3],[4,5]]);
+--------------------------------+
| array_flatten([[1,2,3],[4,5]]) |
+--------------------------------+
| [1, 2, 3, 4, 5]                |
+--------------------------------+
1 row in set (0.01 sec)

mysql> select array_flatten([[[[[[1,2,3,4,5],[6,7],[8,9],[10,11],[12]],[[13]]],[[[14]]]]]]);
+-------------------------------------------------------------------------------+
| array_flatten([[[[[[1,2,3,4,5],[6,7],[8,9],[10,11],[12]],[[13]]],[[[14]]]]]]) |
+-------------------------------------------------------------------------------+
| [1, 2, 3, 4, 5, 6, 7, 8, 9, 10, 11, 12, 13, 14]                               |
+-------------------------------------------------------------------------------+
1 row in set (0.02 sec)
```
