---
{
    "title": "ARRAY_CONTAINS_ALL",
    "language": "zh-CN"
}
---

<!-- 
Licensed to the Apache Software Foundation (ASF) under one
or more contributor license agreements.  See the NOTICE file
distributed with this work for additional information
regarding copyright ownership.  The ASF licenses this file
to you under the Apache License, Version 2.0 (the
"License"); you may not use this file except in compliance
with the License.  You may obtain a copy of the License at

  http://www.apache.org/licenses/LICENSE-2.0

Unless required by applicable law or agreed to in writing,
software distributed under the License is distributed on an
"AS IS" BASIS, WITHOUT WARRANTIES OR CONDITIONS OF ANY
KIND, either express or implied.  See the License for the
specific language governing permissions and limitations
under the License.
-->

## array_contains_all

array_contains_all

### description

#### Syntax

`BOOLEAN array_contains_all(ARRAY<T> array1, ARRAY<T> array2)`

判断数组array1中是否包含子数组array2，且需要保证元素顺序完全一致。返回结果如下：

```
1    - array1中存在子数组array2；
0    - array1中不存在数组array2；
NULL - array1或array2为NULL。
```

### example

```
mysql [(none)]>select array_contains_all([1,2,3,4], [1,2,4]);
+---------------------------------------------+
| array_contains_all([1, 2, 3, 4], [1, 2, 4]) |
+---------------------------------------------+
|                                           0 |
+---------------------------------------------+
1 row in set (0.01 sec)

mysql [(none)]>select array_contains_all([1,2,3,4], [1,2]);
+------------------------------------------+
| array_contains_all([1, 2, 3, 4], [1, 2]) |
+------------------------------------------+
|                                        1 |
+------------------------------------------+
1 row in set (0.01 sec)

mysql [(none)]>select array_contains_all([1,2,3,4], []);
+--------------------------------------------------------------+
| array_contains_all([1, 2, 3, 4], cast([] as ARRAY<TINYINT>)) |
+--------------------------------------------------------------+
|                                                            1 |
+--------------------------------------------------------------+
1 row in set (0.01 sec)

mysql [(none)]>select array_contains_all([1,2,3,4], NULL);
+----------------------------------------+
| array_contains_all([1, 2, 3, 4], NULL) |
+----------------------------------------+
|                                   NULL |
+----------------------------------------+
1 row in set (0.00 sec)
```

### keywords

ARRAY,CONTAIN,ARRAY_CONTAINS_ALL
